passage_title;idx;sentence_en;sentence_tr
Reading 01 - The Impact of Artificial Intelligence on Modern Healthcare;1; The rapid integration of artificial intelligence into modern healthcare systems has fundamentally transformed the methodology of diagnosing complex diseases.; Yapay zekanın modern sağlık sistemlerine hızla entegre olması, karmaşık hastalıkların teşhis metodolojisini temelden dönüştürmüştür.
Reading 01 - The Impact of Artificial Intelligence on Modern Healthcare;2; By analyzing vast amounts of medical data with unprecedented speed, machine learning algorithms can detect subtle patterns that human physicians might easily overlook.; Devasa miktardaki tıbbi veriyi eşi görülmemiş bir hızla analiz eden makine öğrenimi algoritmaları, insan doktorların kolayca gözden kaçırabileceği ince örüntüleri tespit edebilmektedir.
Reading 01 - The Impact of Artificial Intelligence on Modern Healthcare;3; Furthermore, these advanced computational models contribute significantly to personalized medicine by tailoring treatment plans according to the unique genetic profile of each individual patient.; Dahası, bu gelişmiş hesaplamalı modeller, tedavi planlarını her bir hastanın benzersiz genetik profiline göre uyarlayarak kişiselleştirilmiş tıbba önemli ölçüde katkıda bulunur.
Reading 01 - The Impact of Artificial Intelligence on Modern Healthcare;4; Despite the numerous advantages associated with automated medical assessments, ethical concerns regarding patient privacy and data security remain a prominent subject of debate among professionals.; Otomatikleştirilmiş tıbbi değerlendirmelerle ilişkili sayısız avantaja rağmen, hasta gizliliği ve veri güvenliğine ilişkin etik endişeler profesyoneller arasında önemli bir tartışma konusu olmaya devam etmektedir.
Reading 01 - The Impact of Artificial Intelligence on Modern Healthcare;5; Medical institutions must therefore establish comprehensive regulatory frameworks to ensure that sensitive personal health information is rigorously protected against potential cyber threats and unauthorized access.; Bu nedenle tıbbi kurumlar, hassas kişisel sağlık bilgilerinin olası siber tehditlere ve yetkisiz erişime karşı titizlikle korunmasını sağlamak için kapsamlı düzenleyici çerçeveler oluşturmalıdır.
Reading 01 - The Impact of Artificial Intelligence on Modern Healthcare;6; Ultimately, the successful implementation of artificial intelligence in clinical settings will depend entirely on achieving a delicate balance between technological innovation and strict ethical oversight.; Nihayetinde, yapay zekanın klinik ortamlarda başarılı bir şekilde uygulanması, tamamen teknolojik yenilik ile sıkı etik denetim arasında hassas bir denge kurulmasına bağlı olacaktır.
Reading 02 - The Dynamics of Urban Heat Islands and Environmental Planning;1; The phenomenon known as the urban heat island effect occurs when metropolitan areas experience significantly higher average temperatures than their surrounding rural landscapes.; Kentsel ısı adası etkisi olarak bilinen olgu, metropol alanların çevrelerindeki kırsal arazilere kıyasla önemli ölçüde daha yüksek ortalama sıcaklıklar yaşamasıyla ortaya çıkar.
Reading 02 - The Dynamics of Urban Heat Islands and Environmental Planning;2; This localized warming is primarily driven by the extensive replacement of natural vegetation with dark, heat-absorbing surfaces such as asphalt roads and concrete infrastructure.; Bu bölgesel ısınma, öncelikli olarak doğal bitki örtüsünün asfalt yollar ve beton altyapı gibi koyu renkli, ısıyı emen yüzeylerle büyük ölçüde değiştirilmesinden kaynaklanmaktadır.
Reading 02 - The Dynamics of Urban Heat Islands and Environmental Planning;3; Consequently, the elevated temperatures exacerbate energy consumption patterns because city residents increasingly rely on air conditioning systems to maintain comfortable indoor living conditions.; Sonuç olarak, yükselen sıcaklıklar enerji tüketim modellerini daha da kötüleştirmektedir çünkü şehir sakinleri konforlu iç mekan yaşam koşullarını korumak için giderek daha fazla iklimlendirme sistemlerine güvenmektedir.
Reading 02 - The Dynamics of Urban Heat Islands and Environmental Planning;4; In order to mitigate these adverse environmental consequences, contemporary urban planners are actively advocating for the strategic implementation of extensive green infrastructure throughout dense neighborhoods.; Bu olumsuz çevresel sonuçları hafifletmek amacıyla, çağdaş şehir plancıları yoğun mahalleler boyunca kapsamlı yeşil altyapının stratejik olarak uygulanmasını aktif bir şekilde savunmaktadır.
Reading 02 - The Dynamics of Urban Heat Islands and Environmental Planning;5; The incorporation of rooftop gardens and the expansion of urban parks can substantially decrease surface temperatures while simultaneously improving the overall air quality of the metropolis.; Çatı bahçelerinin dahil edilmesi ve kent parklarının genişletilmesi, yüzey sıcaklıklarını önemli ölçüde düşürürken aynı zamanda metropolün genel hava kalitesini de iyileştirebilir.
Reading 02 - The Dynamics of Urban Heat Islands and Environmental Planning;6; Ultimately, transforming modern cities into sustainable ecosystems requires a collaborative effort involving government policymakers, environmental scientists, and the active participation of the local community.; Nihayetinde, modern şehirleri sürdürülebilir ekosistemlere dönüştürmek
Reading 03 - The Pivotal Role of Urban Green Spaces;1;As cities around the world continue to expand vertically and horizontally, swallowing up natural landscapes to accommodate burgeoning populations, the integration of well-designed parks and green corridors into the urban fabric has become an absolute necessity rather than a mere aesthetic afterthought.;Dünyadaki şehirler, artan nüfusları barındırmak için doğal manzaraları yutarak dikey ve yatay olarak genişlemeye devam ederken, iyi tasarlanmış parkların ve yeşil koridorların kentsel dokuya entegrasyonu, salt estetik bir sonradan akla gelen düşünce olmaktan çıkıp mutlak bir gereklilik haline geldi.
Reading 03 - The Pivotal Role of Urban Green Spaces;2;These carefully cultivated green areas function as the city's lungs, with trees and vegetation actively filtering harmful airborne pollutants produced by dense traffic and industry, thereby contributing significantly to improved respiratory health for the entire urban population.;"Bu özenle yetiştirilmiş yeşil alanlar şehrin akciğerleri olarak işlev görür; ağaçlar ve bitki örtüsü, yoğun trafik ve endüstri tarafından üretilen zararlı hava kirleticilerini aktif olarak filtreleyerek, böylece tüm kentsel nüfusun solunum sağlığının iyileşmesine önemli ölçüde katkıda bulunur."
Reading 03 - The Pivotal Role of Urban Green Spaces;3;Beyond their crucial environmental function, these pockets of nature provide an essential psychological counterweight to the relentless pace and high-density living of the metropolis, offering residents a readily accessible sanctuary for stress reduction and mental restoration.;Temel çevresel işlevlerinin ötesinde, bu doğa parçaları metropolün amansız temposuna ve yüksek yoğunluklu yaşamına karşı önemli bir psikolojik denge unsuru sağlayarak, sakinlere stres azaltma ve zihinsel yenilenme için kolayca erişilebilir bir sığınak sunar.
Reading 03 - The Pivotal Role of Urban Green Spaces;4;Studies have consistently demonstrated that even brief exposure to a park-like setting can lower cortisol levels and improve mood, highlighting the critical role these spaces play in fostering community well-being and combating the anonymity and alienation often associated with city life.;"Çalışmalar, park benzeri bir ortama kısa süreli maruz kalmanın bile kortizol seviyelerini düşürebildiğini ve ruh halini iyileştirebildiğini tutarlı bir şekilde göstermiştir; bu da bu alanların toplum refahını teşvik etmede ve genellikle şehir hayatıyla ilişkilendirilen anonimlik ve yabancılaşmayla mücadelede oynadığı kritik rolü vurgulamaktadır."
Reading 03 - The Pivotal Role of Urban Green Spaces;5;Moreover, these shared natural environments act as vital social catalysts, creating neutral ground where diverse groups of people from different backgrounds can interact casually, fostering a stronger sense of community, belonging, and collective identity within the neighborhood.;"Dahası, bu ortak doğal ortamlar hayati sosyal katalizörler olarak hareket eder; farklı geçmişlerden gelen çeşitli insan gruplarının gelişigüzel etkileşime girebileceği tarafsız zemin yaratarak, mahalle içinde daha güçlü bir topluluk, aidiyet ve kolektif kimlik duygusunu besler."
Reading 03 - The Pivotal Role of Urban Green Spaces;6;Ultimately, the presence of robust and accessible green infrastructure is a defining characteristic of a truly livable and sustainable city, directly enhancing property values, encouraging physical activity like jogging or cycling, and mitigating the urban heat island effect through shade and evapotranspiration.;"Nihayetinde, sağlam ve erişilebilir bir yeşil altyapının varlığı, gerçekten yaşanabilir ve sürdürülebilir bir şehrin tanımlayıcı bir özelliğidir; doğrudan emlak değerlerini artırır, koşu veya bisiklete binme gibi fiziksel aktiviteyi teşvik eder ve gölge ve terleme (evapotranspirasyon) yoluyla kentsel ısı adası etkisini azaltır."
Reading 04 - Cognitive Processes and Memory Consolidation During Sleep;1; The intricate process of memory consolidation relies heavily on the quality and duration of an individual's deep sleep cycles.; Hafıza pekiştirmenin karmaşık süreci, büyük ölçüde bireyin derin uyku döngülerinin kalitesine ve süresine dayanmaktadır.
Reading 04 - Cognitive Processes and Memory Consolidation During Sleep;2; During the rapid eye movement phase, the human brain actively processes daily experiences and transfers them into long-term storage networks.; Hızlı göz hareketi evresinde, insan beyni günlük deneyimleri aktif olarak işler ve bunları uzun vadeli depolama ağlarına aktarır.
Reading 04 - Cognitive Processes and Memory Consolidation During Sleep;3; Scientific investigations have consistently demonstrated that sleep deprivation significantly impairs cognitive functions, particularly concerning complex problem-solving abilities and emotional regulation.; Bilimsel araştırmalar, uyku yoksunluğunun başta karmaşık problem çözme yetenekleri ve duygu düzenleme olmak üzere bilişsel işlevleri önemli ölçüde bozduğunu tutarlı bir şekilde göstermiştir.
Reading 04 - Cognitive Processes and Memory Consolidation During Sleep;4; Furthermore, researchers have identified specific neural oscillations during slumber that are fundamentally responsible for strengthening synaptic connections between cortical neurons.; Ayrıca araştırmacılar, uyku sırasında kortikal nöronlar arasındaki sinaptik bağlantıları güçlendirmekten temel olarak sorumlu olan belirli sinirsel salınımları tanımlamışlardır.
Reading 04 - Cognitive Processes and Memory Consolidation During Sleep;5; Consequently, establishing a consistent circadian rhythm is absolutely essential for maintaining optimal neurological health and maximizing academic or professional performance.; Sonuç olarak, tutarlı bir sirkadiyen ritim oluşturmak, optimum nörolojik sağlığı korumak ve akademik veya profesyonel performansı en üst düzeye çıkarmak için kesinlikle elzemdir.
Reading 04 - Cognitive Processes and Memory Consolidation During Sleep;6; Healthcare professionals continually emphasize the necessity of prioritizing restorative sleep as a foundational pillar of comprehensive physiological and psychological well-being.; Sağlık uzmanları, kapsamlı fizyolojik ve psikolojik esenliğin temel bir dayanağı olarak onarıcı uykuya öncelik vermenin gerekliliğini sürekli olarak vurgulamaktadır.
Reading 05 - The Complex Legacy of Classical Mythology;1;The pantheon of gods and heroes from ancient Greece and Rome, with their all-too-human flaws, petty jealousies, and grandiose passions, has provided an inexhaustible wellspring of thematic material and archetypal characters for Western literature and art for over two millennia.;Pek insani kusurları, küçük kıskançlıkları ve görkemli tutkularıyla antik Yunan ve Roma'daki tanrılar ve kahramanlar panteonu, iki bin yıldan fazla bir süredir Batı edebiyatı ve sanatı için tükenmez bir tematik malzeme ve arketipsel karakter kaynağı sağlamıştır.
Reading 05 - The Complex Legacy of Classical Mythology;2;These ancient narratives, passed down through generations via oral tradition before being immortalized in epic poems like Homer's Iliad and Ovid's Metamorphoses, served not only as entertainment but also as a fundamental framework for understanding the world, explaining natural phenomena, and exploring complex human emotions.;Sözlü gelenek yoluyla nesiller boyunca aktarılan ve daha sonra Homeros'un İlyada'sı ve Ovidius'un Dönüşümler gibi destansı şiirlerle ölümsüzleştirilen bu antik anlatılar, yalnızca eğlence olarak hizmet etmekle kalmamış, aynı zamanda dünyayı anlamak, doğa olaylarını açıklamak ve karmaşık insan duygularını keşfetmek için temel bir çerçeve olarak da işlev görmüştür.
Reading 05 - The Complex Legacy of Classical Mythology;3;The enduring power of figures like the cunning Odysseus, whose decade-long journey home symbolizes the universal human struggle against adversity, or the tragic Oedipus, whose fate raises profound questions about free will and destiny, lies in their embodiment of timeless psychological and philosophical dilemmas.;Kurnaz Odysseus gibi figürlerin kalıcı gücü (on yıl süren eve dönüş yolculuğu insanın zorluklara karşı evrensel mücadelesini simgeler) ya da kaderi özgür irade ve kader hakkında derin sorular ortaya çıkaran trajik Oedipus, onların zamansız psikolojik ve felsefi ikilemleri somutlaştırmasında yatar.
Reading 05 - The Complex Legacy of Classical Mythology;4;Furthermore, the language of mythology is so deeply embedded in our cultural lexicon that we constantly invoke its imagery and stories through common phrases like 'an Achilles heel' for a point of vulnerability, a 'Pandora's box' for a source of unforeseen troubles, or a 'Herculean task' for something requiring immense effort.;Dahası, mitoloji dili kültürel sözlüğümüze o kadar derinden işlemiştir ki, bir zayıflık noktası için 'Aşil topuğu', öngörülemeyen sorunların kaynağı için 'Pandora'nın Kutusu' veya muazzam çaba gerektiren bir şey için 'Herkül gibi görev' gibi yaygın ifadelerle sürekli olarak onun imgelerini ve hikayelerini kullanırız.
Reading 05 - The Complex Legacy of Classical Mythology;5;From Renaissance paintings depicting the birth of Venus to modern films reimagining the clash of the Titans, artists continuously return to these foundational stories, finding new relevance and modes of expression within their familiar yet endlessly adaptable frameworks.;Venüs'ün doğumunu betimleyen Rönesans tablolarından Titanların savaşını yeniden yorumlayan modern filmlere kadar sanatçılar, tanıdık ama sonsuz uyarlanabilir çerçeveleri içinde yeni anlamlar ve ifade biçimleri bularak sürekli olarak bu temel hikayelere geri dönerler.
Reading 05 - The Complex Legacy of Classical Mythology;6;"Ultimately, the legacy of classical mythology is not confined to museum halls or academic texts; it remains a living, evolving language that we still use to grapple with life's greatest mysteries, from the nature of love and ambition to the inevitability of suffering and mortality.";"Nihayetinde, klasik mitolojinin mirası müze salonları veya akademik metinlerle sınırlı değildir; aşkın ve hırsın doğasından acı çekmenin ve ölümlülüğün kaçınılmazlığına kadar, hayatın en büyük gizemleriyle başa çıkmak için hala kullandığımız yaşayan, gelişen bir dil olarak varlığını sürdürmektedir."
Reading 06 - The Evolution of Global Supply Chains in the Modern Era;1; The globalization of commercial markets has necessitated the development of highly intricate supply chains that span across multiple international borders.; Ticari pazarların küreselleşmesi, birden fazla uluslararası sınırı aşan oldukça karmaşık tedarik zincirlerinin geliştirilmesini zorunlu kılmıştır.
Reading 06 - The Evolution of Global Supply Chains in the Modern Era;2; Modern multinational corporations consistently rely on sophisticated logistical networks to manufacture goods efficiently while minimizing operational costs in competitive environments.; Modern çok uluslu şirketler, rekabetçi ortamlarda işletme maliyetlerini en aza indirirken malları verimli bir şekilde üretmek için sürekli olarak sofistike lojistik ağlarına güvenirler.
Reading 06 - The Evolution of Global Supply Chains in the Modern Era;3; However, recent global disruptions have exposed significant vulnerabilities within these established systems, prompting a critical reevaluation of traditional manufacturing dependencies.; Bununla birlikte, son küresel aksaklıklar, bu yerleşik sistemlerdeki önemli güvenlik açıklarını ortaya çıkararak, geleneksel üretim bağımlılıklarının eleştirel bir şekilde yeniden değerlendirilmesine yol açmıştır.
Reading 06 - The Evolution of Global Supply Chains in the Modern Era;4; Consequently, contemporary business leaders are increasingly prioritizing supply chain resilience by diversifying their supplier base and utilizing advanced predictive analytics.; Sonuç olarak, çağdaş iş dünyası liderleri, tedarikçi tabanlarını çeşitlendirerek ve gelişmiş tahmine dayalı analitikleri kullanarak tedarik zinciri direncine giderek daha fazla öncelik vermektedir.
Reading 06 - The Evolution of Global Supply Chains in the Modern Era;5; The strategic implementation of regionalized production hubs is rapidly emerging as a viable solution to mitigate potential logistical bottlenecks worldwide.; Bölgeselleştirilmiş üretim merkezlerinin stratejik uygulaması, dünya çapındaki olası lojistik darboğazları hafifletmek için uygulanabilir bir çözüm olarak hızla ortaya çıkmaktadır.
Reading 06 - The Evolution of Global Supply Chains in the Modern Era;6; Ultimately, the future of international trade will inevitably demand a flexible approach that seamlessly balances cost efficiency with operational adaptability.; Nihayetinde, uluslararası ticaretin geleceği kaçınılmaz olarak maliyet verimliliği ile operasyonel uyarlanabilirliği sorunsuz bir şekilde dengeleyen esnek bir yaklaşım talep edecektir.
Reading 07 - The Profound Impact of the Printing Press;1;"The invention of the movable-type printing press by Johannes Gutenberg in the mid-15th century stands as one of the most transformative technological breakthroughs in human history, fundamentally altering the structure of society and the dissemination of knowledge across Europe and beyond.""";15. yüzyılın ortalarında Johannes Gutenberg tarafından hareketli tip matbaanın icadı, insanlık tarihindeki en dönüştürücü teknolojik atılımlardan biri olarak duruyor ve Avrupa çapında ve ötesinde toplumun yapısını ve bilginin yayılmasını temelden değiştiriyor.
Reading 07 - The Profound Impact of the Printing Press;2;Before this revolutionary invention, books were laboriously copied by hand, primarily by monks and scribes, making them exorbitantly expensive and rare commodities that were largely confined to the walls of monasteries, universities, and the wealthiest of private collectors.;"Bu devrim niteliğindeki icattan önce, kitaplar öncelikle keşişler ve yazıcılar tarafından özenle elle kopyalanıyordu; bu da onları aşırı derecede pahalı ve büyük ölçüde manastırların, üniversitelerin ve en zengin özel koleksiyoncuların duvarlarıyla sınırlı nadir metalar haline getiriyordu."
Reading 07 - The Profound Impact of the Printing Press;3;Gutenberg's press democratized knowledge by enabling the rapid and relatively inexpensive mass production of texts, which meant that for the first time, ideas, scientific discoveries, and religious doctrines could be circulated widely and consistently among a growing literate public.;"Gutenberg'in matbaası, metinlerin hızlı ve nispeten ucuz bir şekilde seri üretimini mümkün kılarak bilgiyi demokratikleştirdi; bu, ilk kez fikirlerin, bilimsel keşiflerin ve dini doktrinlerin, büyüyen okuryazar bir kamu arasında geniş çapta ve tutarlı bir şekilde dolaşıma girebileceği anlamına geliyordu."
Reading 07 - The Profound Impact of the Printing Press;4;This sudden and unprecedented access to a variety of texts, including the Bible in vernacular languages, directly fueled the flames of the Protestant Reformation, as individuals could now interpret religious scriptures for themselves without relying solely on the clergy's mediation.;Yerel dillerdeki İncil de dahil olmak üzere çeşitli metinlere bu ani ve benzeri görülmemiş erişim, bireylerin artık yalnızca din adamlarının aracılığına güvenmeden dini metinleri kendileri için yorumlayabilmeleri nedeniyle, doğrudan Protestan Reformu'nun alevlerini körükledi.
Reading 07 - The Profound Impact of the Printing Press;5;Furthermore, the standardization of texts that printing allowed led to the gradual establishment of uniform grammatical rules and spelling conventions, playing a crucial role in the solidification and unification of national languages across early modern Europe.;Dahası, matbaanın izin verdiği metinlerin standartlaşması, kademeli olarak tek tip dilbilgisi kurallarının ve yazım geleneklerinin oluşmasına yol açarak, erken modern Avrupa'da ulusal dillerin sağlamlaşmasında ve birleşmesinde çok önemli bir rol oynadı.
Reading 07 - The Profound Impact of the Printing Press;6;"In essence, the printing press did not merely make books more accessible; it laid the essential groundwork for the Scientific Revolution, the Enlightenment, and the modern information age by creating a shared, verifiable, and cumulative body of knowledge that could be built upon by successive generations of thinkers.";"Özünde, matbaa yalnızca kitapları daha erişilebilir kılmakla kalmadı; ardışık nesil düşünürler tarafından üzerine inşa edilebilecek paylaşılan, doğrulanabilir ve kümülatif bir bilgi birikimi yaratarak Bilimsel Devrim, Aydınlanma ve modern bilgi çağı için temel zemini hazırladı."
Reading 08 - Advancements and Challenges in Renewable Solar Energy Technology;1; The transition towards sustainable energy heavily depends on the continuous technological advancement of photovoltaic cells used in solar panel manufacturing.; Sürdürülebilir enerjiye geçiş, büyük ölçüde güneş paneli üretiminde kullanılan fotovoltaik hücrelerin sürekli teknolojik gelişimine bağlıdır.
Reading 08 - Advancements and Challenges in Renewable Solar Energy Technology;2; While early iterations of solar technology suffered from severe inefficiencies, contemporary materials science has drastically improved overall energy conversion rates.; Güneş teknolojisinin ilk versiyonları ciddi verimsizliklerden muzdaripken, çağdaş malzeme bilimi genel enerji dönüşüm oranlarını büyük ölçüde iyileştirmiştir.
Reading 08 - Advancements and Challenges in Renewable Solar Energy Technology;3; Despite these remarkable engineering achievements, the intermittent nature of solar radiation continues to pose a formidable challenge for uninterrupted power generation.; Bu dikkate değer mühendislik başarılarına rağmen, güneş radyasyonunun kesintili doğası, kesintisiz güç üretimi için zorlu bir engel teşkil etmeye devam etmektedir.
Reading 08 - Advancements and Challenges in Renewable Solar Energy Technology;4; To overcome this inherent limitation, researchers are aggressively developing high-capacity battery storage systems capable of retaining surplus electricity for prolonged periods.; Bu doğal sınırlamanın üstesinden gelmek için araştırmacılar, fazla elektriği uzun süre muhafaza edebilen yüksek kapasiteli batarya depolama sistemlerini agresif bir şekilde geliştirmektedir.
Reading 08 - Advancements and Challenges in Renewable Solar Energy Technology;5; Furthermore, massive government subsidies play an instrumental role in facilitating the widespread commercial adoption of clean energy alternatives across developing nations.; Dahası, devasa hükümet sübvansiyonları, temiz enerji alternatiflerinin gelişmekte olan ülkelerde geniş çapta ticari olarak benimsenmesini kolaylaştırmada etkili bir rol oynamaktadır.
Reading 08 - Advancements and Challenges in Renewable Solar Energy Technology;6; Achieving absolute carbon neutrality in the coming decades will require unprecedented global cooperation alongside relentless innovation within the renewable energy sector.; Önümüzdeki on yıllarda mutlak karbon nötrlüğüne ulaşmak, yenilenebilir enerji sektöründe amansız inovasyonun yanı sıra eşi görülmemiş bir küresel işbirliği gerektirecektir.
Reading 09 - The Complex Dynamics of Globalization;1;Globalization, characterized by the unprecedented intensification of cross-border flows of capital, goods, information, and people, has fundamentally reshaped the economic, political, and cultural landscapes of nations over the past several decades, creating both immense opportunities and significant challenges.;Sermaye, mal, bilgi ve insanların sınır ötesi akışlarının benzeri görülmemiş bir şekilde yoğunlaşmasıyla karakterize edilen küreselleşme, son birkaç on yılda ulusların ekonomik, politik ve kültürel manzaralarını temelden yeniden şekillendirerek hem muazzam fırsatlar hem de önemli zorluklar yarattı.
Reading 09 - The Complex Dynamics of Globalization;2;Proponents of globalization argue that it has been a powerful engine for global economic growth, lifting hundreds of millions of people out of poverty in developing nations by integrating them into global supply chains and providing access to larger markets for their goods and services.;Küreselleşmenin savunucuları, bunun küresel ekonomik büyüme için güçlü bir motor olduğunu, gelişmekte olan ülkelerdeki yüz milyonlarca insanı küresel tedarik zincirlerine entegre ederek ve malları ve hizmetleri için daha büyük pazarlara erişim sağlayarak yoksulluktan kurtardığını iddia ediyor.
Reading 09 - The Complex Dynamics of Globalization;3;They further contend that the free flow of information and ideas across borders fosters innovation, promotes cultural exchange and understanding, and can even contribute to the spread of democratic values and human rights by connecting disparate communities and exposing injustice.;Ayrıca, bilgi ve fikirlerin sınırlar arasında serbest akışının yeniliği teşvik ettiğini, kültürel alışverişi ve anlayışı desteklediğini ve hatta farklı toplulukları birbirine bağlayarak ve adaletsizliği ifşa ederek demokratik değerlerin ve insan haklarının yayılmasına katkıda bulunabileceğini ileri sürüyorlar.
Reading 09 - The Complex Dynamics of Globalization;4;On the other hand, critics point to the darker consequences of this interconnectedness, most notably the exacerbation of income inequality within and between countries, as capital and jobs can flow to regions with the cheapest labor, leaving workers in developed nations vulnerable to unemployment and wage stagnation.;"Öte yandan, eleştirmenler bu birbirine bağlılığın daha karanlık sonuçlarına, özellikle de ülkeler içinde ve arasında gelir eşitsizliğinin artmasına işaret ediyor; zira sermaye ve işler en ucuz işgücünün olduğu bölgelere akabilir ve gelişmiş ülkelerdeki işçileri işsizlik ve ücret durgunluğuna karşı savunmasız bırakabilir."
Reading 09 - The Complex Dynamics of Globalization;5;A further significant concern revolves around the potential for cultural homogenization, where the dominant global flow of media and consumer products from a few powerful nations threatens to erode local traditions, languages, and unique cultural identities, leading to a less diverse world.;Bir diğer önemli endişe, birkaç güçlü ulustan gelen medya ve tüketici ürünlerinin baskın küresel akışının yerel gelenekleri, dilleri ve benzersiz kültürel kimlikleri aşındırmakla tehdit ettiği ve daha az çeşitliliğe sahip bir dünyaya yol açtığı kültürel homojenleşme potansiyeli etrafında dönüyor.
Reading 09 - The Complex Dynamics of Globalization;6;Ultimately, navigating the complexities of globalization requires a nuanced approach that seeks to harness its economic benefits while implementing robust social safety nets, fair trade policies, and international cooperation to mitigate its disruptive effects on communities and the environment.;Nihayetinde, küreselleşmenin karmaşıklıklarında yol almak, ekonomik faydalarından yararlanmaya çalışan, aynı zamanda topluluklar ve çevre üzerindeki yıkıcı etkilerini hafifletmek için güçlü sosyal güvenlik ağları, adil ticaret politikaları ve uluslararası işbirliği uygulayan incelikli bir yaklaşım gerektiriyor.
Reading 010 - The Enduring Mystery of the Pyramids of Giza;1;Standing as silent sentinels on the Giza plateau for over four and a half millennia, the Great Pyramids of Egypt continue to inspire awe and wonder, their monumental scale and precise construction fueling endless speculation about the civilization that built them and the methods they employed.;"Dört buçuk bin yıldan fazla bir süredir Gize platosunda sessiz nöbetçiler gibi duran Mısır'ın Büyük Piramitleri, hayranlık ve merak uyandırmaya devam ediyor; anıtsal ölçekleri ve hassas inşaları, onları inşa eden uygarlık ve kullandıkları yöntemler hakkında bitmek bilmeyen spekülasyonları körüklüyor."
Reading 010 - The Enduring Mystery of the Pyramids of Giza;2;Contrary to some popular but thoroughly debunked theories involving extraterrestrial assistance or lost ancient technologies, mainstream Egyptologists maintain that the pyramids were constructed by a highly organized workforce of thousands of skilled laborers and artisans, not by slaves as once commonly believed.;Uzaylı yardımı veya kayıp antik teknolojiler içeren bazı popüler ama tamamen çürütülmüş teorilerin aksine, ana akım Mısırbilimciler piramitlerin, bir zamanlar yaygın olarak inanıldığı gibi köleler tarafından değil, binlerce vasıflı işçi ve zanaatkardan oluşan oldukça organize bir işgücü tarafından inşa edildiğini savunuyorlar.
Reading 010 - The Enduring Mystery of the Pyramids of Giza;3;Evidence for this theory includes the discovery of well-organized workers' villages near the pyramid sites, complete with bakeries, breweries, and medical facilities, indicating that the builders were respected and well-cared-for state employees working on a national project of immense religious and political significance.;"Bu teoriyi destekleyen kanıtlar, piramit alanlarının yakınında fırınlar, bira fabrikaları ve tıbbi tesislerle donatılmış, iyi organize edilmiş işçi köylerinin keşfedilmesini içeriyor; bu da inşaatçıların, muazzam dini ve politik öneme sahip ulusal bir projede çalışan, saygı duyulan ve iyi bakılan devlet çalışanları olduğunu gösteriyor."
Reading 010 - The Enduring Mystery of the Pyramids of Giza;4;The most perplexing questions, however, concern the precise engineering techniques used to quarry, transport, and lift multi-ton stone blocks with such astonishing accuracy, aligning them to cardinal points with a margin of error that would challenge even modern construction companies.;"Ancak en şaşırtıcı sorular, çok tonlu taş blokları bu kadar şaşırtıcı bir doğrulukla ocaktan çıkarmak, taşımak ve kaldırmak için kullanılan kesin mühendislik teknikleriyle ilgilidir; bunları ana yönlere, modern inşaat şirketlerini bile zorlayacak bir hata payıyla hizalamaktadırlar."
Reading 010 - The Enduring Mystery of the Pyramids of Giza;5;The most widely accepted hypothesis suggests a combination of sophisticated techniques, including the use of massive earthen ramps to haul stones into position, copper tools for quarrying, and water to lubricate sand for easier transport, demonstrating a mastery of physics and logistics that was far ahead of its time.;En yaygın kabul gören hipotez, taşları yerine çekmek için devasa toprak rampaların kullanılması, ocak işçiliği için bakır aletler ve daha kolay taşıma için kumu yağlamak amacıyla su kullanımı dahil olmak üzere, zamanının çok ilerisinde bir fizik ve lojistik ustalığı sergileyen sofistike tekniklerin bir kombinasyonunu öneriyor.
Reading 010 - The Enduring Mystery of the Pyramids of Giza;6;Ultimately, while the how of their construction may be slowly yielding to archaeological research, the why—their profound function as a sacred landscape designed to ensure the pharaoh's rebirth and maintain cosmic order—speaks to the deep spiritual beliefs and organizational genius of one of history's most remarkable civilizations, ensuring their mysteries will captivate us for generations to come.;Nihayetinde, inşalarının nasıl yapıldığı arkeolojik araştırmalara yavaş yavaş teslim olurken, neden yapıldıkları -firavunun yeniden doğuşunu sağlamak ve kozmik düzeni korumak için tasarlanmış kutsal bir peyzaj olarak derin işlevleri- tarihin en dikkat çekici uygarlıklarından birinin derin manevi inançlarına ve organizasyon dehasına işaret ediyor ve gizemlerinin önümüzdeki nesiller boyunca büyülemeye devam etmesini sağlıyor.
Reading 011 - The Psychological Implications of Excessive Social Media Consumption;1; The proliferation of digital communication platforms has fundamentally altered the manner in which human beings cultivate and maintain their interpersonal relationships.; Dijital iletişim platformlarının yaygınlaşması, insanoğlunun kişilerarası ilişkilerini geliştirme ve sürdürme biçimini temelden değiştirmiştir.
Reading 011 - The Psychological Implications of Excessive Social Media Consumption;2; Numerous psychological studies indicate that excessive engagement with social media algorithms frequently correlates with elevated levels of clinical anxiety and profound depression.; Çok sayıda psikolojik çalışma, sosyal medya algoritmalarıyla aşırı etkileşimin sıklıkla yüksek düzeyde klinik anksiyete ve derin depresyon ile ilişkili olduğunu göstermektedir.
Reading 011 - The Psychological Implications of Excessive Social Media Consumption;3; Adolescents appear particularly vulnerable to these digital environments, as they frequently compare their unedited lives to the highly curated highlights of others.; Ergenler, düzenlenmemiş hayatlarını sıklıkla başkalarının özenle seçilmiş en iyi anlarıyla karşılaştırdıkları için bu dijital ortamlara karşı özellikle savunmasız görünmektedir.
Reading 011 - The Psychological Implications of Excessive Social Media Consumption;4; In response to this growing mental health crisis, cognitive therapists are increasingly recommending scheduled periods of complete disconnection from all electronic devices.; Bu büyüyen ruh sağlığı krizine yanıt olarak, bilişsel terapistler giderek artan bir şekilde tüm elektronik cihazlardan tamamen bağlantının kesildiği planlı süreler önermektedir.
Reading 011 - The Psychological Implications of Excessive Social Media Consumption;5; By consciously limiting daily screen time, individuals can effectively restore their attention spans and engage more meaningfully with their immediate physical surroundings.; Bireyler, günlük ekran süresini bilinçli olarak sınırlayarak dikkat sürelerini etkili bir şekilde onarabilir ve yakın fiziksel çevreleriyle daha anlamlı bir şekilde etkileşime girebilirler.
Reading 011 - The Psychological Implications of Excessive Social Media Consumption;6; Ultimately, fostering digital literacy and establishing healthy online boundaries are essential prerequisites for preserving psychological well-being in the modern technological landscape.; Nihayetinde, dijital okuryazarlığı teşvik etmek ve sağlıklı çevrimiçi sınırlar oluşturmak, modern teknolojik ortamda psikolojik esenliği korumak için temel önkoşullardır.
Reading 012 - The Devastating Effects of Ocean Acidification on Coral Reefs;1; The alarming acceleration of oceanic acidification is a direct consequence of the world's oceans absorbing unprecedented quantities of anthropogenic carbon dioxide emissions.; Okyanus asitlenmesinin endişe verici ivmesi, dünya okyanuslarının eşi görülmemiş miktarlarda antropojenik karbondioksit emisyonunu emmesinin doğrudan bir sonucudur.
Reading 012 - The Devastating Effects of Ocean Acidification on Coral Reefs;2; This profound chemical alteration within marine environments significantly inhibits the biological capacity of coral polyps to construct their essential calcium carbonate skeletons.; Deniz ortamlarındaki bu derin kimyasal değişim, mercan poliplerinin temel kalsiyum karbonat iskeletlerini inşa etme biyolojik kapasitelerini önemli ölçüde engellemektedir.
Reading 012 - The Devastating Effects of Ocean Acidification on Coral Reefs;3; As global water temperatures continue to rise persistently, these fragile ecological structures experience severe bleaching events that drastically compromise their long-term survival.; Küresel su sıcaklıkları sürekli olarak artmaya devam ettikçe, bu kırılgan ekolojik yapılar uzun vadeli hayatta kalmalarını büyük ölçüde tehlikeye atan şiddetli ağarma olayları yaşamaktadır.
Reading 012 - The Devastating Effects of Ocean Acidification on Coral Reefs;4; The subsequent degradation of these vibrant underwater ecosystems directly threatens the immense biodiversity that critically relies upon coral reefs for sustenance and shelter.; Bu canlı su altı ekosistemlerinin müteakip bozulması, beslenme ve barınma için kritik derecede mercan resiflerine dayanan muazzam biyolojik çeşitliliği doğrudan tehdit etmektedir.
Reading 012 - The Devastating Effects of Ocean Acidification on Coral Reefs;5; Marine biologists assert that immediate and aggressive reductions in global greenhouse gas emissions are absolutely necessary to prevent the total collapse of these habitats.; Deniz biyologları, bu habitatların tamamen çökmesini önlemek için küresel sera gazı emisyonlarında acil ve agresif azaltımların kesinlikle gerekli olduğunu ileri sürmektedir.
Reading 012 - The Devastating Effects of Ocean Acidification on Coral Reefs;6; Implementing comprehensive conservation strategies and establishing protected marine sanctuaries will be crucial steps in facilitating the gradual recovery of devastated aquatic populations.; Kapsamlı koruma stratejilerinin uygulanması ve koruma altındaki deniz sığınaklarının kurulması, tahrip olmuş su popülasyonlarının kademeli olarak iyileşmesini kolaylaştırmada çok önemli adımlar olacaktır.
Reading 013 - The Transformative Power of Learning a Musical Instrument;1;Embarking on the journey of learning to play a musical instrument, whether it is the intricate elegance of a piano or the raw energy of an electric guitar, offers a multitude of cognitive, emotional, and social benefits that extend far beyond the simple ability to produce pleasing sounds or read notes from a page.;İster bir piyanonun karmaşık zarafeti ister bir elektro gitarın ham enerjisi olsun, bir müzik aleti çalmayı öğrenme yolculuğuna çıkmak, hoş sesler üretme veya sayfadaki notaları okuma basit yeteneğinin çok ötesine uzanan çok sayıda bilişsel, duygusal ve sosyal fayda sunar.
Reading 013 - The Transformative Power of Learning a Musical Instrument;2;From a neurological perspective, playing an instrument is a highly demanding activity that engages multiple areas of the brain simultaneously, including those responsible for motor control, auditory processing, memory, and spatial reasoning, essentially providing a full-brain workout that can enhance cognitive function and neuroplasticity.;"Nörolojik bir perspektiften bakıldığında, bir enstrüman çalmak, motor kontrol, işitsel işleme, hafıza ve uzamsal akıl yürütmeden sorumlu olanlar da dahil olmak üzere beynin birden çok alanını aynı anda çalıştıran oldukça zorlu bir aktivitedir; esasen bilişsel işlevi ve nöroplastisiteyi geliştirebilecek tam bir beyin egzersizi sağlar."
Reading 013 - The Transformative Power of Learning a Musical Instrument;3;Studies have consistently shown that children who receive musical training often demonstrate improved academic performance, particularly in areas like mathematics and reading comprehension, likely due to the enhanced pattern recognition, discipline, and abstract thinking skills honed through regular practice.;Çalışmalar, müzik eğitimi alan çocukların, özellikle matematik ve okuduğunu anlama gibi alanlarda, düzenli pratik yaparak geliştirilen gelişmiş örüntü tanıma, disiplin ve soyut düşünme becerileri sayesinde, genellikle gelişmiş akademik performans sergilediğini tutarlı bir şekilde göstermiştir.
Reading 013 - The Transformative Power of Learning a Musical Instrument;4;On an emotional level, mastering a challenging piece or simply improvising on an instrument provides a powerful and healthy outlet for self-expression and stress relief, allowing individuals to channel complex feelings into a creative and constructive activity that can be deeply cathartic.;"Duygusal düzeyde, zorlu bir parçada ustalaşmak veya sadece bir enstrümanda doğaçlama yapmak, kendini ifade etme ve stresi azaltma için güçlü ve sağlıklı bir çıkış yolu sağlar; bireylerin karmaşık duyguları derinden arındırıcı olabilecek yaratıcı ve yapıcı bir aktiviteye kanalize etmelerine olanak tanır."
Reading 013 - The Transformative Power of Learning a Musical Instrument;5;Furthermore, the process of learning an instrument inherently teaches patience, perseverance, and the invaluable lesson that consistent, focused effort over time leads to tangible improvement and a profound sense of personal accomplishment when a musical goal is finally achieved.;Dahası, bir enstrüman öğrenme süreci doğası gereği sabrı, azmi ve zaman içinde tutarlı, odaklanmış çabanın somut iyileşmeye ve nihayet bir müzikal hedefe ulaşıldığında derin bir kişisel başarı duygusuna yol açtığına dair paha biçilmez dersi öğretir.
Reading 013 - The Transformative Power of Learning a Musical Instrument;6;Finally, participating in group lessons, joining a band, or even just playing for friends and family cultivates essential social skills like teamwork, active listening, and communication, creating bonds and shared experiences that enrich one's social life and foster a sense of belonging to a community of fellow musicians and music lovers.;"Son olarak, grup derslerine katılmak, bir orkestraya veya gruba katılmak ve hatta sadece arkadaşlar ve aile için çalmak, ekip çalışması, aktif dinleme ve iletişim gibi temel sosyal becerileri geliştirir; kişinin sosyal hayatını zenginleştiren ve diğer müzisyenler ve müzik severlerden oluşan bir topluluğa ait olma duygusunu besleyen bağlar ve paylaşılan deneyimler yaratır."
Reading 014 - The Intricate Relationship Between Economic Inflation and Purchasing Power;1; Prolonged periods of high economic inflation systematically erode the foundational purchasing power of consumers, thereby diminishing their overall quality of life considerably.; Uzun süren yüksek ekonomik enflasyon dönemleri, tüketicilerin temel satın alma gücünü sistematik olarak aşındırır ve böylece genel yaşam kalitelerini önemli ölçüde düşürür.
Reading 014 - The Intricate Relationship Between Economic Inflation and Purchasing Power;2; Central banks typically respond to inflationary pressures by aggressively increasing benchmark interest rates to deliberately slow down unchecked economic expansion and reckless borrowing.; Merkez bankaları enflasyonist baskılara tipik olarak, kontrolsüz ekonomik genişlemeyi ve pervasız borçlanmayı kasıtlı olarak yavaşlatmak için gösterge faiz oranlarını agresif bir şekilde artırarak yanıt verir.
Reading 014 - The Intricate Relationship Between Economic Inflation and Purchasing Power;3; While tightening monetary policy can effectively stabilize fluctuating commodity prices, it concurrently risks triggering a severe economic recession by discouraging corporate investments.; Para politikasını sıkılaştırmak dalgalanan emtia fiyatlarını etkili bir şekilde istikrara kavuşturabilse de, aynı zamanda kurumsal yatırımları caydırarak şiddetli bir ekonomik durgunluğu tetikleme riski taşır.
Reading 014 - The Intricate Relationship Between Economic Inflation and Purchasing Power;4; Households with fixed incomes are disproportionately affected by the escalating costs of essential goods such as housing, healthcare, and basic nutritional provisions.; Sabit gelirli haneler
Reading 014 - The Intricate Relationship Between Economic Inflation and Purchasing Power;5; Financial analysts suggest that maintaining a meticulously balanced fiscal policy is the only viable method to foster sustainable economic growth without causing hyperinflation.; Finansal analistler, titizlikle dengelenmiş bir maliye politikasını sürdürmenin, hiperenflasyona neden olmadan sürdürülebilir ekonomik büyümeyi teşvik etmenin tek geçerli yöntemi olduğunu öne sürmektedir.
Reading 014 - The Intricate Relationship Between Economic Inflation and Purchasing Power;6; Understanding these complex macroeconomic indicators empowers ordinary citizens to make informed financial decisions and adequately prepare for impending fluctuations in the global market.; Bu karmaşık makroekonomik göstergeleri anlamak, sıradan vatandaşların bilinçli finansal kararlar almalarını ve küresel pazardaki yaklaşan dalgalanmalara yeterince hazırlanmalarını sağlar.
Reading 015 - The Psychological Impact of Social Media Algorithms;1;"The sophisticated algorithms that power modern social media platforms are designed with a primary, relentless objective: to maximize user engagement by curating and delivering content that is most likely to capture attention, provoke a reaction, and ultimately keep individuals scrolling through their feeds for as long as possible.""";Modern sosyal medya platformlarını çalıştıran sofistike algoritmalar, birincil ve amansız bir hedefle tasarlanmıştır: dikkat çekmesi, tepki uyandırması ve nihayetinde bireylerin akışlarında mümkün olduğunca uzun süre kaydırmaya devam etmesini sağlaması en muhtemel içeriği düzenleyerek ve sunarak kullanıcı etkileşimini en üst düzeye çıkarmak.
Reading 015 - The Psychological Impact of Social Media Algorithms;2;To achieve this goal, these complex systems meticulously analyze vast amounts of user data, including past interactions, search history, time spent viewing specific posts, and even the emotional sentiment expressed in comments, to build detailed psychological profiles that predict future behavior with alarming accuracy.;Bu hedefe ulaşmak için, bu karmaşık sistemler, gelecekteki davranışları ürkütücü bir doğrulukla tahmin eden ayrıntılı psikolojik profiller oluşturmak için geçmiş etkileşimler, arama geçmişi, belirli gönderileri görüntülemek için harcanan süre ve hatta yorumlarda ifade edilen duygusal hisler dahil olmak üzere büyük miktarda kullanıcı verisini titizlikle analiz eder.
Reading 015 - The Psychological Impact of Social Media Algorithms;3;One of the most significant consequences of this personalized content curation is the creation of so-called filter bubbles or echo chambers, where users are progressively exposed to information and opinions that reinforce their existing beliefs while systematically filtering out contradictory or challenging viewpoints.;Bu kişiselleştirilmiş içerik düzenlemesinin en önemli sonuçlarından biri, kullanıcıların giderek artan bir şekilde mevcut inançlarını pekiştiren bilgi ve görüşlere maruz kaldığı, aynı zamanda çelişkili veya zorlayıcı bakış açılarını sistematik olarak filtrelediği sözde filtre baloncuklarının veya yankı odalarının yaratılmasıdır.
Reading 015 - The Psychological Impact of Social Media Algorithms;4;This algorithmic reinforcement of pre-existing views can lead to increased political polarization and social fragmentation, as individuals become more entrenched in their own ideological silos and less capable of understanding, or even tolerating, the perspectives of those on the other side of an issue.;Mevcut görüşlerin bu algoritmik pekiştirmesi, bireyler kendi ideolojik silolarında daha da kökleştikçe ve bir konunun diğer tarafındakilerin bakış açılarını anlama ve hatta tolere etme konusunda daha az yetenekli hale geldikçe, artan siyasi kutuplaşmaya ve sosyal parçalanmaya yol açabilir.
Reading 015 - The Psychological Impact of Social Media Algorithms;5;Furthermore, by prioritizing emotionally charged, sensational, or controversial content that tends to generate high engagement, these algorithms can inadvertently amplify misinformation, conspiracy theories, and divisive rhetoric, contributing to a public discourse that is increasingly polarized and detached from factual reality.;Dahası, yüksek etkileşim yaratma eğiliminde olan duygusal, sansasyonel veya tartışmalı içeriğe öncelik vererek, bu algoritmalar istemeden de olsa yanlış bilgiyi, komplo teorilerini ve bölücü söylemi güçlendirebilir ve giderek kutuplaşan ve gerçeklikten kopan bir kamu söylemine katkıda bulunabilir.
Reading 015 - The Psychological Impact of Social Media Algorithms;6;Ultimately, while these algorithms are often presented as neutral tools for content discovery, their design, which is fundamentally optimized for engagement rather than user well-being or societal good, raises profound ethical questions about their role in shaping public opinion, mental health, and the very fabric of democratic societies.;Nihayetinde, bu algoritmalar genellikle içerik keşfi için tarafsız araçlar olarak sunulsa da, temelde kullanıcı refahı veya toplumsal yarardan ziyade etkileşim için optimize edilmiş tasarımları, kamuoyunu, ruh sağlığını ve demokratik toplumların dokusunu şekillendirmedeki rolleri hakkında derin etik soruları gündeme getiriyor.
Reading 016 - The Art and Science of Sustainable Architecture;1;Sustainable architecture, often referred to as green building, represents a fundamental shift in design philosophy, moving beyond mere aesthetic considerations to embrace a holistic approach that seeks to minimize the negative environmental impact of buildings through efficiency and moderation in the use of materials, energy, and development space.;Sürdürülebilir mimari, genellikle yeşil bina olarak adlandırılır, tasarım felsefesinde temel bir değişimi temsil eder, salt estetik kaygıların ötesine geçerek malzeme, enerji ve geliştirme alanı kullanımında verimlilik ve ölçülülük yoluyla binaların olumsuz çevresel etkisini en aza indirmeyi amaçlayan bütünsel bir yaklaşımı benimser.
Reading 016 - The Art and Science of Sustainable Architecture;2;Furthermore, sustainable architects prioritize the selection of eco-friendly materials, favoring those that are locally sourced to reduce transportation emissions, rapidly renewable like bamboo, recycled or reclaimed from other structures, and manufactured using processes that minimize pollution and waste.;Dahası, sürdürülebilir mimarlar çevre dostu malzemelerin seçimine öncelik verir, nakliye emisyonlarını azaltmak için yerel kaynaklı olanları, bambu gibi hızla yenilenebilenleri, geri dönüştürülmüş veya diğer yapılardan geri kazanılmış olanları ve kirliliği ve atığı en aza indiren süreçler kullanılarak üretilenleri tercih ederler.
Reading 016 - The Art and Science of Sustainable Architecture;3;Water conservation is another critical component, implemented through fixtures like low-flow toilets and faucets, rainwater harvesting systems for irrigation, and innovative landscaping designs that utilize native, drought-tolerant plants, significantly reducing the demand on municipal water supplies.;Su tasarrufu, düşük akışlı tuvaletler ve musluklar gibi armatürler, sulama için yağmur suyu toplama sistemleri ve yerel, kuraklığa dayanıklı bitkiler kullanan yenilikçi peyzaj tasarımları yoluyla uygulanan ve belediye su kaynakları üzerindeki talebi önemli ölçüde azaltan bir diğer kritik bileşendir.
Reading 016 - The Art and Science of Sustainable Architecture;4;"The benefits of such practices extend far beyond environmental stewardship; numerous studies have shown that green buildings can also enhance occupant health and productivity by improving indoor air quality through better ventilation and the use of non-toxic materials, as well as by providing access to natural light and views of the outdoors.";"Bu tür uygulamaların faydaları çevre yönetiminin çok ötesine uzanır; çok sayıda çalışma, yeşil binaların daha iyi havalandırma ve toksik olmayan malzemelerin kullanımı yoluyla iç hava kalitesini iyileştirerek ve doğal ışığa ve dış mekan manzaralarına erişim sağlayarak bina sakinlerinin sağlığını ve üretkenliğini de artırabileceğini göstermiştir."
Reading 016 - The Art and Science of Sustainable Architecture;5;While the initial construction costs for a sustainably designed building can sometimes be higher than those for a conventional one, these are typically offset over the building's lifecycle through dramatically lower operating costs for energy and water, as well as increased property values and potential tax incentives.;Sürdürülebilir şekilde tasarlanmış bir binanın ilk inşaat maliyetleri bazen geleneksel bir binaya göre daha yüksek olsa da, bunlar genellikle binanın yaşam döngüsü boyunca enerji ve su için önemli ölçüde daha düşük işletme maliyetleri, artan emlak değerleri ve potansiyel vergi teşvikleri yoluyla dengelenir.
Reading 016 - The Art and Science of Sustainable Architecture;6;In conclusion, sustainable architecture is not merely a trend but a necessary evolution in how we conceive and construct our built environment, offering a viable and responsible path toward creating spaces that are not only beautiful and functional but also harmonious with the natural world and resilient for future generations.;"Sonuç olarak, sürdürülebilir mimari sadece bir trend değil, yapılı çevremizi nasıl tasarladığımız ve inşa ettiğimiz konusunda gerekli bir evrimdir; sadece güzel ve işlevsel değil, aynı zamanda doğal dünyayla uyumlu ve gelecek nesiller için dayanıklı alanlar yaratmaya yönelik uygulanabilir ve sorumlu bir yol sunar."
Reading 017 - The Ethical Dimensions of Genetic Engineering in Modern Agriculture;1; The advent of sophisticated genetic modification technologies has undeniably revolutionized the global agricultural sector by drastically increasing crop yields and natural pest resistance.; Gelişmiş genetik modifikasyon teknolojilerinin ortaya çıkışı, mahsul verimini ve doğal haşere direncini büyük ölçüde artırarak küresel tarım sektöründe inkar edilemez bir devrim yaratmıştır.
Reading 017 - The Ethical Dimensions of Genetic Engineering in Modern Agriculture;2; Despite the obvious agricultural benefits, prominent environmental organizations consistently raise profound ethical concerns regarding the long-term ecological consequences of cultivating genetically altered organisms.; Açık tarımsal faydalarına rağmen, önde gelen çevre örgütleri, genetiği değiştirilmiş organizmaların yetiştirilmesinin uzun vadeli ekolojik sonuçlarına ilişkin derin etik endişeleri sürekli olarak gündeme getirmektedir.
Reading 017 - The Ethical Dimensions of Genetic Engineering in Modern Agriculture;3; Skeptics argue that the widespread distribution of modified seeds could inadvertently diminish natural biodiversity and create resilient superweeds that resist conventional chemical herbicides.; Şüpheciler, değiştirilmiş tohumların yaygın dağıtımının doğal biyoçeşitliliği yanlışlıkla azaltabileceğini ve geleneksel kimyasal herbisitlere direnen dirençli süper yabani otlar yaratabileceğini savunmaktadır.
Reading 017 - The Ethical Dimensions of Genetic Engineering in Modern Agriculture;4; Conversely, proponents of agricultural biotechnology maintain that engineering drought-resistant crops is an absolute necessity for ensuring food security amidst rapidly intensifying climate change scenarios.; Buna karşılık, tarımsal biyoteknoloji savunucuları, kuraklığa dayanıklı mahsuller tasarlamanın, hızla yoğunlaşan iklim değişikliği senaryolarının ortasında gıda güvenliğini sağlamak için mutlak bir gereklilik olduğunu iddia etmektedir.
Reading 017 - The Ethical Dimensions of Genetic Engineering in Modern Agriculture;5; To address these conflicting perspectives, international regulatory bodies must establish stringent testing protocols that rigorously evaluate both the safety and environmental impact of new crops.; Bu çelişkili bakış açılarını ele almak için uluslararası düzenleyici kurumlar, yeni mahsullerin hem güvenliğini hem de çevresel etkisini titizlikle değerlendiren katı test protokolleri oluşturmalıdır.
Reading 017 - The Ethical Dimensions of Genetic Engineering in Modern Agriculture;6; Ultimately, humanity must carefully navigate this ethical minefield to maximize agricultural efficiency without compromising the delicate balance of our planet's interconnected ecosystems.; Nihayetinde insanlık, gezegenimizin birbirine bağlı ekosistemlerinin hassas dengesinden ödün vermeden tarımsal verimliliği en üst düzeye çıkarmak için bu etik mayın tarlasında dikkatle ilerlemelidir.
Reading 018 - Architectural Innovations and Sustainable Urban Development in the 21st Century;1; Contemporary architectural practices are increasingly prioritizing environmentally sustainable designs to minimize the substantial carbon footprint associated with modern commercial and residential construction projects.; Çağdaş mimari uygulamalar, modern ticari ve konut inşaat projeleriyle ilişkili önemli karbon ayak izini en aza indirmek için giderek artan bir şekilde çevresel açıdan sürdürülebilir tasarımlara öncelik vermektedir.
Reading 018 - Architectural Innovations and Sustainable Urban Development in the 21st Century;2; The innovative integration of passive cooling systems and intelligent building materials significantly reduces the overarching reliance on artificial climate control and excessive electricity consumption.; Pasif soğutma sistemlerinin ve akıllı yapı malzemelerinin yenilikçi entegrasyonu, yapay iklim kontrolüne ve aşırı elektrik tüketimine olan genel bağımlılığı önemli ölçüde azaltır.
Reading 018 - Architectural Innovations and Sustainable Urban Development in the 21st Century;3; Furthermore, incorporating vertical gardens and expansive green roofs into skyscraper blueprints helps mitigate urban pollution while simultaneously providing valuable natural habitats for local wildlife.; Ayrıca dikey bahçelerin ve geniş yeşil çatıların gökdelen planlarına dahil edilmesi, kentsel kirliliği hafifletmeye yardımcı olurken aynı zamanda yerel yaban hayatı için değerli doğal yaşam alanları sağlar.
Reading 018 - Architectural Innovations and Sustainable Urban Development in the 21st Century;4; Repurposing existing historical structures instead of engaging in continuous demolition actively promotes cultural preservation and demonstrably conserves immense quantities of precious raw building materials.; Sürekli yıkıma girişmek yerine mevcut tarihi yapıları yeniden kullanmak, kültürel korumayı aktif olarak teşvik eder ve çok miktarda değerli ham yapı malzemesini kanıtlanabilir bir şekilde korur.
Reading 018 - Architectural Innovations and Sustainable Urban Development in the 21st Century;5; Progressive urban planners consistently advocate for the creation of walkable neighborhoods that seamlessly integrate public transportation systems with easily accessible commercial and recreational spaces.; İlerici şehir plancıları, toplu taşıma sistemlerini kolay erişilebilir ticari ve rekreasyon alanlarıyla sorunsuz bir şekilde entegre eden yürünebilir mahallelerin yaratılmasını sürekli olarak savunmaktadır.
Reading 018 - Architectural Innovations and Sustainable Urban Development in the 21st Century;6; Transforming our sprawling metropolises into sustainable habitats will require a visionary approach that harmoniously blends aesthetic architectural brilliance with uncompromising ecological responsibility.; Büyüyen metropollerimizi sürdürülebilir habitatlara dönüştürmek, estetik mimari dehasını tavizsiz ekolojik sorumlulukla uyumlu bir şekilde harmanlayan vizyoner bir yaklaşım gerektirecektir.
Reading 019 - The Fascinating World of Bioluminescence;1;Bioluminescence, the remarkable ability of living organisms to produce and emit light through a internal chemical reaction, is a phenomenon that has captivated scientists and storytellers alike for centuries, illuminating the darkest corners of our planet from the depths of the ocean to the forest floor.;Biyolüminesans, canlı organizmaların içsel bir kimyasal reaksiyon yoluyla ışık üretme ve yayma konusundaki olağanüstü yeteneği, yüzyıllardır bilim adamlarını ve hikaye anlatıcılarını büyüleyen, okyanusun derinliklerinden orman tabanına kadar gezegenimizin en karanlık köşelerini aydınlatan bir olgudur.
Reading 019 - The Fascinating World of Bioluminescence;2;This captivating light show is typically generated when a molecule called luciferin reacts with oxygen, catalyzed by an enzyme known as luciferase, a process that is incredibly efficient because it produces almost no heat, unlike the incandescent light bulbs invented by humans which waste most of their energy as heat.;"Bu büyüleyici ışık gösterisi tipik olarak lüsiferin adı verilen bir molekülün, lüsiferaz olarak bilinen bir enzim tarafından katalize edilen oksijenle reaksiyona girmesiyle oluşur; bu süreç, enerjilerinin çoğunu ısı olarak israf eden insanlar tarafından icat edilen akkor ampullerin aksine neredeyse hiç ısı üretmediği için inanılmaz derecede verimlidir."
Reading 019 - The Fascinating World of Bioluminescence;3;While fireflies are perhaps the most familiar terrestrial examples, using their flashes to attract mates on warm summer evenings, the vast majority of bioluminescent organisms actually inhabit the ocean's twilight and midnight zones, where sunlight never penetrates and this biological light becomes a primary tool for survival.;Ateşböcekleri belki de en bilinen karasal örnekler olsa da, sıcak yaz akşamlarında eş çekmek için flaşlarını kullanırken, biyolüminesan organizmaların büyük çoğunluğu aslında güneş ışığının asla nüfuz etmediği ve bu biyolojik ışığın hayatta kalmak için birincil araç haline geldiği okyanusun alacakaranlık ve gece yarısı bölgelerinde yaşar.
Reading 019 - The Fascinating World of Bioluminescence;4;In this perpetual darkness, species have evolved an astonishing array of uses for their light, including counter-illumination camouflage to match the faint light from above and hide their silhouette from predators below, lures to attract unsuspecting prey, and intricate flash patterns for communication and mate recognition in the vast blackness.;"Bu sürekli karanlıkta, türler ışıklarını kullanmak için şaşırtıcı bir dizi işlev geliştirmiştir; bunlar arasında yukarıdan gelen loş ışığa uymak ve aşağıdaki yırtıcılardan silüetlerini gizlemek için karşı aydınlatma kamuflajı, şüphelenmeyen avları çekmek için yemler ve uçsuz bucaksız karanlıkta iletişim ve eş tanıma için karmaşık flaş desenleri yer alır."
Reading 019 - The Fascinating World of Bioluminescence;5;Some species, like the vampire squid, take defense to another level by ejecting a cloud of glowing mucus to confuse and distract predators, creating a spectacular smokescreen of light that allows them to escape into the safety of the surrounding darkness.;Vampir kalamar gibi bazı türler, savunmayı başka bir seviyeye taşıyarak yırtıcıları şaşırtmak ve dikkatini dağıtmak için bir bulut dolusu parlayan mukus püskürtür ve çevredeki karanlığın güvenliğine kaçmalarını sağlayan spektaküler bir ışık perdesi oluşturur.
Reading 019 - The Fascinating World of Bioluminescence;6;The study of bioluminescence continues to inspire significant scientific and technological advancements, with researchers exploring its potential for creating ultra-efficient lighting, developing new medical imaging techniques to track cells inside the body, and even creating biological sensors for detecting environmental pollutants, proving that nature's ingenuity often holds the key to our own innovations.;Biyolüminesans çalışması, araştırmacıların ultra verimli aydınlatma yaratma, vücut içindeki hücreleri izlemek için yeni tıbbi görüntüleme teknikleri geliştirme ve hatta çevresel kirleticileri tespit etmek için biyolojik sensörler oluşturma potansiyelini keşfetmesiyle önemli bilimsel ve teknolojik ilerlemelere ilham vermeye devam ediyor ve doğanın yaratıcılığının genellikle kendi yeniliklerimizin anahtarını elinde tuttuğunu kanıtlıyor.
Reading 020 - Artificial Gravity in Long-Duration Space Exploration;1; The prolonged absence of gravitational forces during extended interplanetary missions induces severe physiological degradation, particularly concerning bone density and muscle mass retention in astronauts.; Uzun süreli gezegenler arası görevler sırasında yerçekimi kuvvetlerinin uzun süre yokluğu, özellikle astronotlarda kemik yoğunluğu ve kas kütlesinin korunması ile ilgili olarak ciddi fizyolojik bozulmalara neden olur.
Reading 020 - Artificial Gravity in Long-Duration Space Exploration;2; Aerospace engineers are theoretically conceptualizing rotating spacecraft habitats designed specifically to generate centrifugal forces that effectively simulate the familiar gravitational pull of Earth.; Havacılık ve uzay mühendisleri, Dünya'nın tanıdık yerçekimi kuvvetini etkili bir şekilde simüle eden merkezkaç kuvvetleri üretmek için özel olarak tasarlanmış dönen uzay aracı habitatlarını teorik olarak kavramsallaştırmaktadır.
Reading 020 - Artificial Gravity in Long-Duration Space Exploration;3; Implementing such complex mechanical systems requires surmounting extraordinary engineering hurdles, including the structural integrity of the rotating modules and the reliable generation of immense power.; Bu tür karmaşık mekanik sistemlerin uygulanması, dönen modüllerin yapısal bütünlüğü ve devasa gücün güvenilir şekilde üretilmesi de dahil olmak üzere olağanüstü mühendislik engellerinin aşılmasını gerektirir.
Reading 020 - Artificial Gravity in Long-Duration Space Exploration;4; Medical researchers are concurrently exploring pharmaceutical interventions to temporarily counteract the adverse biological consequences associated with continuous exposure to microgravity environments.; Tıp araştırmacıları eş zamanlı olarak, mikro yerçekimi ortamlarına sürekli maruz kalmayla ilişkili olumsuz biyolojik sonuçlara geçici olarak karşı koymak için farmasötik müdahaleleri araştırmaktadır.
Reading 020 - Artificial Gravity in Long-Duration Space Exploration;5; Establishing a sustainable human presence on celestial bodies like Mars will ultimately depend on our technological capacity to artificially replicate essential Earth-like living conditions.; Mars gibi gök cisimlerinde sürdürülebilir bir insan varlığı oluşturmak, nihayetinde Dünya benzeri temel yaşam koşullarını yapay olarak kopyalama teknolojik kapasitemize bağlı olacaktır.
Reading 020 - Artificial Gravity in Long-Duration Space Exploration;6; The successful realization of these ambitious space exploration goals necessitates unprecedented international collaboration and the unwavering allocation of substantial financial resources across multiple decades.; Bu iddialı uzay keşif hedeflerinin başarılı bir şekilde gerçekleştirilmesi, eşi görülmemiş bir uluslararası işbirliğini ve onlarca yıl boyunca önemli finansal kaynakların sarsılmaz bir şekilde tahsis edilmesini zorunlu kılmaktadır.
Reading 021 - The Complex Phenomenon of Impostor Syndrome;1;"Impostor syndrome, a pervasive psychological pattern wherein highly accomplished individuals persistently doubt their abilities and harbor a secret, gnawing fear of being exposed as a fraud, continues to affect professionals across virtually every industry, from seasoned executives to acclaimed artists and brilliant academics.""";İmparator sendromu, son derece başarılı bireylerin yeteneklerinden sürekli şüphe duyduğu ve bir sahtekar olarak ifşa edilme konusunda gizli, kemirici bir korku beslediği yaygın bir psikolojik kalıptır ve deneyimli yöneticilerden beğenilen sanatçılara ve parlak akademisyenlere kadar neredeyse her sektördeki profesyonelleri etkilemeye devam etmektedir.
Reading 021 - The Complex Phenomenon of Impostor Syndrome;2;"Contrary to what one might expect, this phenomenon is not typically associated with low self-esteem or a genuine lack of competence; rather, it disproportionately afflicts those who have achieved significant success, creating a painful disconnect between their objective accomplishments and their internal, subjective sense of self-worth.";"İnsanın bekleyebileceğinin aksine, bu fenomen tipik olarak düşük benlik saygısı veya gerçek bir yeterlilik eksikliği ile ilişkili değildir; daha ziyade, önemli başarı elde etmiş olanları orantısız bir şekilde etkiler ve nesnel başarıları ile içsel, öznel öz-değer duyguları arasında acı verici bir kopukluk yaratır."
Reading 021 - The Complex Phenomenon of Impostor Syndrome;3;Individuals grappling with impostor feelings often attribute their achievements to external factors such as luck, impeccable timing, or simply working harder than everyone else, rather than internalizing and acknowledging their own intelligence, creativity, or expertise as the primary drivers of their success.;Sahtekarlık duygularıyla boğuşan bireyler, başarılarını kendi zekâlarını, yaratıcılıklarını veya uzmanlıklarını başarılarının birincil itici güçleri olarak içselleştirip kabul etmekten ziyade, genellikle şans, kusursuz zamanlama veya sadece herkesten daha çok çalışmak gibi dışsal faktörlere bağlarlar.
Reading 021 - The Complex Phenomenon of Impostor Syndrome;4;This debilitating mindset can lead to a chronic fear of evaluation, a tendency to over-prepare for tasks to a fault, and a persistent reluctance to put oneself forward for new opportunities or promotions, ultimately hindering career progression and causing significant psychological distress and burnout.;Bu zayıflatıcı zihniyet, kronik bir değerlendirilme korkusuna, görevlere aşırı hazırlanma eğilimine ve kişinin kendini yeni fırsatlar veya terfiler için öne sürme konusunda sürekli bir isteksizliğe yol açabilir, nihayetinde kariyer ilerlemesini engelleyebilir ve önemli psikolojik sıkıntıya ve tükenmişliğe neden olabilir.
Reading 021 - The Complex Phenomenon of Impostor Syndrome;5;While initially thought to primarily affect high-achieving women, subsequent research has revealed that impostor syndrome is remarkably egalitarian, cutting across genders, ages, and cultural backgrounds, though its specific manifestations and triggers can vary considerably depending on individual circumstances and societal pressures.;Başlangıçta öncelikle yüksek başarılı kadınları etkilediği düşünülürken, sonraki araştırmalar sahtekarlık sendromunun dikkate değer ölçüde eşitlikçi olduğunu, cinsiyetler, yaşlar ve kültürel geçmişler arasında yaygın olduğunu ortaya koymuştur, ancak belirli tezahürleri ve tetikleyicileri bireysel koşullara ve toplumsal baskılara bağlı olarak önemli ölçüde değişebilir.
Reading 021 - The Complex Phenomenon of Impostor Syndrome;6;Overcoming these deep-seated feelings often requires a multifaceted approach involving cognitive-behavioral techniques to challenge and reframe negative thought patterns, cultivating self-compassion to accept imperfection, and, perhaps most importantly, creating open dialogues about these experiences to normalize them and reduce the shame and isolation that allow impostor syndrome to thrive in silence.;Bu derinlere kök salmış duyguların üstesinden gelmek genellikle, olumsuz düşünce kalıplarına meydan okumak ve yeniden çerçevelemek için bilişsel-davranışçı teknikleri içeren, kusurluluğu kabul etmek için öz-şefkat geliştiren ve belki de en önemlisi, bu deneyimler hakkında açık diyaloglar yaratarak onları normalleştiren ve sahtekarlık sendromunun sessizlik içinde gelişmesine izin veren utancı ve izolasyonu azaltan çok yönlü bir yaklaşım gerektirir.
Reading 022 - The Evolution of Cybersecurity Protocols in Corporate Environments;1; The exponential growth of cloud computing infrastructure has forced multinational corporations to comprehensively redesign their traditional approaches to enterprise data security and digital privacy.; Bulut bilişim altyapısının üstel büyümesi, çok uluslu şirketleri kurumsal veri güvenliği ve dijital gizliliğe yönelik geleneksel yaklaşımlarını kapsamlı bir şekilde yeniden tasarlamaya zorlamıştır.
Reading 022 - The Evolution of Cybersecurity Protocols in Corporate Environments;2; Sophisticated cybercriminal syndicates routinely deploy highly advanced ransomware attacks that can instantaneously cripple the fundamental operational capabilities of seemingly impenetrable financial institutions.; Sofistike siber suç sendikaları, aşılmaz gibi görünen finansal kurumların temel operasyonel yeteneklerini anında çökertebilen son derece gelişmiş fidye yazılımı saldırılarını rutin olarak konuşlandırmaktadır.
Reading 022 - The Evolution of Cybersecurity Protocols in Corporate Environments;3; Consequently, contemporary IT departments are aggressively adopting zero-trust security architectures that mandate strict identity verification for every user attempting to access internal corporate networks.; Sonuç olarak, çağdaş BT departmanları, şirket içi ağlara erişmeye çalışan her kullanıcı için sıkı kimlik doğrulaması zorunlu kılan sıfır güven güvenlik mimarilerini agresif bir şekilde benimsemektedir.
Reading 022 - The Evolution of Cybersecurity Protocols in Corporate Environments;4; Furthermore, integrating artificial intelligence algorithms into threat detection systems allows security analysts to identify anomalous behavioral patterns and neutralize malicious software autonomously.; Dahası, yapay zeka algoritmalarını tehdit tespit sistemlerine entegre etmek, güvenlik analistlerinin anormal davranış kalıplarını belirlemesine ve kötü amaçlı yazılımları otonom olarak etkisiz hale getirmesine olanak tanır.
Reading 022 - The Evolution of Cybersecurity Protocols in Corporate Environments;5; Conducting regular employee training programs remains an indispensable component of any robust cybersecurity strategy, as human error frequently provides the easiest entry point for attackers.; İnsan hatası sıklıkla saldırganlar için en kolay giriş noktasını sağladığından, düzenli çalışan eğitim programları yürütmek, herhangi bir sağlam siber güvenlik stratejisinin vazgeçilmez bir bileşeni olmaya devam etmektedir.
Reading 022 - The Evolution of Cybersecurity Protocols in Corporate Environments;6; Preserving the absolute integrity of confidential business data in an increasingly interconnected global economy requires constant vigilance and continuous technological adaptation by security professionals.; Giderek birbirine bağlanan küresel bir ekonomide gizli iş verilerinin mutlak bütünlüğünü korumak, güvenlik profesyonelleri tarafından sürekli dikkat ve sürekli teknolojik adaptasyon gerektirir.
Reading 023 - The Revolutionary Potential of Gene Editing Technology;1;The advent of CRISPR-Cas9, a groundbreaking gene-editing tool that allows scientists to make precise, targeted changes to the DNA of living organisms with unprecedented ease and accuracy, has ushered in a new era of biotechnology, holding immense promise for treating genetic diseases, improving crop yields, and even eradicating certain vector-borne illnesses.;CRISPR-Cas9'un, bilim adamlarının canlı organizmaların DNA'sında benzeri görülmemiş bir kolaylık ve doğrulukla hassas, hedefli değişiklikler yapmasına olanak tanıyan çığır açan bir gen düzenleme aracının ortaya çıkışı, biyoteknolojide yeni bir çağ başlatarak genetik hastalıkların tedavisi, mahsul veriminin iyileştirilmesi ve hatta belirli vektör kaynaklı hastalıkların ortadan kaldırılması için muazzam bir umut vaat ediyor.
Reading 023 - The Revolutionary Potential of Gene Editing Technology;2;Derived from a naturally occurring genome editing system in bacteria, the CRISPR-Cas9 protein acts like a pair of molecular scissors that can be programmed with a custom guide RNA molecule to locate and cut a specific sequence of DNA, after which the cell's own natural DNA repair mechanisms can be harnessed to disable a gene or insert a new, corrected sequence.;Bakterilerde doğal olarak bulunan bir genom düzenleme sisteminden türetilen CRISPR-Cas9 proteini, özel bir kılavuz RNA molekülü ile belirli bir DNA dizisini bulup kesmek üzere programlanabilen bir moleküler makas çifti gibi işlev görür ve ardından hücrenin kendi doğal DNA onarım mekanizmaları, bir geni devre dışı bırakmak veya yeni, düzeltilmiş bir dizi eklemek için kullanılabilir.
Reading 023 - The Revolutionary Potential of Gene Editing Technology;3;In the realm of medicine, this technology offers a potential pathway to cure devastating monogenic disorders like cystic fibrosis, Huntington's disease, and sickle cell anemia by directly correcting the underlying genetic mutations in a patient's cells, a concept that is rapidly moving from theoretical possibility to clinical trials with promising early results.;"Tıp alanında bu teknoloji, bir hastanın hücrelerindeki altta yatan genetik mutasyonları doğrudan düzelterek kistik fibroz, Huntington hastalığı ve orak hücreli anemi gibi yıkıcı tek gen bozukluklarını iyileştirmek için potansiyel bir yol sunar; bu kavram hızla teorik olasılıktan klinik deneylere doğru ilerlemekte ve umut verici erken sonuçlar vermektedir."
Reading 023 - The Revolutionary Potential of Gene Editing Technology;4;Beyond human health, agricultural applications of gene editing could revolutionize food production by creating crops that are more resistant to pests and diseases, tolerant of drought and extreme weather conditions, and enhanced with higher nutritional content, potentially addressing critical issues of global food security in a changing climate.;İnsan sağlığının ötesinde, gen düzenlemenin tarımsal uygulamaları, zararlılara ve hastalıklara karşı daha dirençli, kuraklığa ve aşırı hava koşullarına toleranslı ve daha yüksek besin içeriğiyle geliştirilmiş ürünler yaratarak gıda üretiminde devrim yaratabilir ve potansiyel olarak değişen iklimde küresel gıda güvenliğinin kritik sorunlarını ele alabilir.
Reading 023 - The Revolutionary Potential of Gene Editing Technology;5;However, the immense power of this technology is accompanied by profound ethical and safety concerns, particularly surrounding the concept of germline editing, which involves making heritable changes to human embryos, sperm, or eggs, alterations that would be passed down to all future generations and could have unforeseen and irreversible consequences.;Ancak, bu teknolojinin muazzam gücüne, özellikle de insan embriyolarında, spermlerinde veya yumurtalarında kalıtsal değişiklikler yapmayı içeren ve sonraki tüm nesillere aktarılacak ve öngörülemeyen ve geri döndürülemez sonuçlara yol açabilecek değişiklikler olan germ hattı düzenlemesi kavramını çevreleyen derin etik ve güvenlik endişeleri eşlik etmektedir.
Reading 023 - The Revolutionary Potential of Gene Editing Technology;6;Navigating this complex landscape requires a robust and inclusive global dialogue involving scientists, ethicists, policymakers, and the public to establish clear guidelines and regulations that foster responsible innovation, prevent misuse, and ensure that the benefits of this revolutionary technology are distributed equitably and do not exacerbate existing social inequalities.;Bu karmaşık ortamda yol almak, sorumlu yeniliği teşvik edecek, kötüye kullanımı önleyecek ve bu devrim niteliğindeki teknolojinin faydalarının adil bir şekilde dağıtılmasını ve mevcut sosyal eşitsizlikleri şiddetlendirmemesini sağlayacak net yönergeler ve düzenlemeler oluşturmak için bilim adamlarını, etikçileri, politika yapıcıları ve kamuoyunu içeren güçlü ve kapsayıcı bir küresel diyalog gerektirir.
Reading 024 - The Cultural Significance of Street Art;1;Once dismissed as mere vandalism and a blight on the urban landscape, street art has undergone a remarkable transformation over the past few decades, evolving into a globally recognized and respected art movement that challenges conventional notions of artistic expression, public space, and cultural ownership.;Bir zamanlar salt vandalizm ve kentsel peyzajda bir leke olarak reddedilen sokak sanatı, son birkaç on yılda dikkate değer bir dönüşüm geçirerek sanatsal ifade, kamusal alan ve kültürel sahiplenme konusundaki geleneksel kavramlara meydan okuyan, küresel olarak tanınan ve saygı duyulan bir sanat hareketine dönüştü.
Reading 024 - The Cultural Significance of Street Art;2;From the intricate stencils of Banksy that deliver biting social and political commentary to the massive, colorful murals that transform bleak city walls into breathtaking open-air galleries, this diverse art form has demonstrated a unique power to engage communities, spark dialogue, and reclaim public spaces for creative expression.;Banksy'nin keskin sosyal ve politik yorumlar sunan karmaşık şablonlarından, kasvetli şehir duvarlarını nefes kesici açık hava galerilerine dönüştüren devasa, renkli duvar resimlerine kadar bu çeşitli sanat formu, toplulukları harekete geçirme, diyalog başlatma ve kamusal alanları yaratıcı ifade için geri kazanma konusunda benzersiz bir güç göstermiştir.
Reading 024 - The Cultural Significance of Street Art;3;"A crucial element of street art's significance lies in its accessibility; unlike works confined to the hushed, often exclusive spaces of museums and galleries, street art is freely available to everyone, breaking down economic and social barriers and bringing art directly into the daily lives of people who might not otherwise seek it out.";"Sokak sanatının öneminin önemli bir unsuru erişilebilirliğinde yatar; müzelerin ve galerilerin sessiz, genellikle dışlayıcı alanlarıyla sınırlı eserlerin aksine, sokak sanatı herkes için ücretsiz olarak erişilebilirdir, ekonomik ve sosyal engelleri yıkar ve sanatı, aksi takdirde arayıp bulmayabilecek insanların günlük yaşamlarına doğrudan getirir."
Reading 024 - The Cultural Significance of Street Art;4;Furthermore, it often gives a voice to marginalized communities and underground movements, providing a powerful platform for artists to express dissenting opinions, highlight local issues, and reflect the unique cultural identity and pulse of a neighborhood in a way that commissioned public art sometimes fails to achieve.;Dahası, genellikle ötekileştirilmiş topluluklara ve yeraltı hareketlerine ses verir, sanatçıların muhalif görüşlerini ifade etmeleri, yerel sorunları vurgulamaları ve bir mahallenin benzersiz kültürel kimliğini ve nabzını, görevlendirilmiş kamusal sanatın bazen başaramadığı bir şekilde yansıtmaları için güçlü bir platform sağlar.
Reading 024 - The Cultural Significance of Street Art;5;While the inherent tension between its illegal, ephemeral nature and its growing commercial value and institutional acceptance remains, this very conflict is central to its identity, fueling a continuous debate about what constitutes art, who owns our visual culture, and the role of creativity in the public realm.;Yasadışı, geçici doğası ile artan ticari değeri ve kurumsal kabulü arasındaki içsel gerilim devam ederken, bu çatışmanın kendisi kimliğinin merkezinde yer alır ve sanatı neyin oluşturduğu, görsel kültürümüze kimin sahip olduğu ve kamusal alanda yaratıcılığın rolü hakkında sürekli bir tartışmayı körükler.
Reading 024 - The Cultural Significance of Street Art;6;Ultimately, the evolution of street art from perceived transgression to celebrated cultural force reflects a broader shift in how we understand and value art, demonstrating that powerful creative expression cannot be contained within traditional boundaries and that the walls of our cities can serve as vibrant canvases for dialogue, dissent, and communal beauty.;"Nihayetinde, sokak sanatının algılanan bir ihlalden kutlanan bir kültürel güce evrilmesi, sanatı nasıl anladığımız ve değer verdiğimiz konusundaki daha geniş bir değişimi yansıtır; güçlü yaratıcı ifadenin geleneksel sınırlar içinde tutulamayacağını ve şehirlerimizin duvarlarının diyalog, muhalefet ve ortak güzellik için canlı tuvaller olarak hizmet edebileceğini gösterir."
Reading 025 - The Role of Microplastics in Terrestrial and Aquatic Ecosystems;1; The relentless disintegration of consumer plastic products has led to the ubiquitous presence of microplastics across nearly all examined terrestrial and aquatic ecosystems worldwide.; Tüketici plastik ürünlerinin amansız bir şekilde parçalanması, dünya çapında incelenen neredeyse tüm karasal ve sucul ekosistemlerde mikroplastiklerin her yerde bulunmasına yol açmıştır.
Reading 025 - The Role of Microplastics in Terrestrial and Aquatic Ecosystems;2; These microscopic synthetic particles are inadvertently ingested by diverse marine organisms, subsequently accumulating within complex food webs and eventually reaching human consumption channels.; Bu mikroskobik sentetik parçacıklar, çeşitli deniz organizmaları tarafından yanlışlıkla yutulur, daha sonra karmaşık besin ağları içinde birikir ve sonunda insan tüketim kanallarına ulaşır.
Reading 025 - The Role of Microplastics in Terrestrial and Aquatic Ecosystems;3; Ecotoxicologists are currently conducting extensive research to definitively ascertain the long-term physiological implications of prolonged microplastic exposure on the reproductive capabilities of endangered species.; Ekotoksikologlar şu anda, uzun süreli mikroplastik maruziyetinin nesli tükenmekte olan türlerin üreme yetenekleri üzerindeki uzun vadeli fizyolojik etkilerini kesin olarak tespit etmek için kapsamlı araştırmalar yürütmektedir.
Reading 025 - The Role of Microplastics in Terrestrial and Aquatic Ecosystems;4; Mitigating this pervasive environmental crisis requires the immediate implementation of stringent global policies designed to drastically reduce the manufacturing and distribution of single-use plastics.; Bu yaygın çevresel krizi hafifletmek, tek kullanımlık plastiklerin üretimini ve dağıtımını büyük ölçüde azaltmak için tasarlanmış katı küresel politikaların derhal uygulanmasını gerektirir.
Reading 025 - The Role of Microplastics in Terrestrial and Aquatic Ecosystems;5; Additionally, developing innovative wastewater filtration technologies is absolutely paramount for capturing these elusive pollutants before they can infiltrate vulnerable rivers and coastal marine habitats.; Ek olarak, yenilikçi atık su filtreleme teknolojilerinin geliştirilmesi, bu yakalanması zor kirleticileri savunmasız nehirlere ve kıyı deniz habitatlarına sızmadan önce yakalamak için kesinlikle çok önemlidir.
Reading 025 - The Role of Microplastics in Terrestrial and Aquatic Ecosystems;6; Resolving this complex ecological challenge demands a fundamental paradigm shift in consumer behavior and the widespread adoption of genuinely biodegradable alternative packaging materials.; Bu karmaşık ekolojik zorluğu çözmek, tüketici davranışlarında temel bir paradigma değişikliği ve gerçekten biyolojik olarak parçalanabilir alternatif ambalaj malzemelerinin yaygın olarak benimsenmesini talep etmektedir.
Reading 026 - Linguistic Relativity and the Perception of Reality;1; The fascinating hypothesis of linguistic relativity proposes that the specific structural characteristics of a person's native language fundamentally shape their cognitive perception of external reality.; Dilsel göreliliğin büyüleyici hipotezi, bir kişinin anadilinin belirli yapısal özelliklerinin, dış gerçekliğe ilişkin bilişsel algısını temelden şekillendirdiğini öne sürer.
Reading 026 - Linguistic Relativity and the Perception of Reality;2; Comparative linguistic studies reveal that cultures utilizing distinct vocabularies for specific color spectrums consistently demonstrate noticeably faster reaction times when categorizing those precise visual hues.; Karşılaştırmalı dilbilimsel çalışmalar, belirli renk spektrumları için farklı sözcük dağarcıkları kullanan kültürlerin, bu kesin görsel tonları kategorize ederken tutarlı bir şekilde belirgin ölçüde daha hızlı reaksiyon süreleri gösterdiğini ortaya koymaktadır.
Reading 026 - Linguistic Relativity and the Perception of Reality;3; Furthermore, languages that heavily emphasize precise spatial orientations rather than relative directions cultivate an extraordinary sense of geographical navigation among their native speakers.; Dahası, göreceli yönlerden ziyade kesin uzamsal yönelimleri güçlü bir şekilde vurgulayan diller, anadili olan kişiler arasında olağanüstü bir coğrafi navigasyon duygusu geliştirir.
Reading 026 - Linguistic Relativity and the Perception of Reality;4; While extreme interpretations of this cognitive theory have been widely discredited, modern psycholinguists acknowledge that linguistic frameworks subtly influence our internal categorization of abstract concepts.; Bu bilişsel teorinin aşırı yorumları büyük ölçüde çürütülmüş olsa da, modern psikodilbilimciler dilsel çerçevelerin soyut kavramları içsel olarak kategorize etmemizi ince bir şekilde etkilediğini kabul etmektedir.
Reading 026 - Linguistic Relativity and the Perception of Reality;5; The ongoing extinction of indigenous languages represents not only a profound cultural tragedy but also the irreversible loss of unique psychological frameworks for understanding existence.; Yerli dillerin devam eden yok oluşu, yalnızca derin bir kültürel trajediyi değil, aynı zamanda varoluşu anlamak için benzersiz psikolojik çerçevelerin geri döndürülemez kaybını da temsil etmektedir.
Reading 026 - Linguistic Relativity and the Perception of Reality;6; By preserving linguistic diversity, humanity actively maintains a rich tapestry of cognitive perspectives that collectively enhance our comprehensive understanding of the complex human condition.; İnsanlık, dilsel çeşitliliği koruyarak, karmaşık insanlık durumuna dair kapsamlı anlayışımızı kolektif olarak geliştiren zengin bir bilişsel bakış açıları dokusunu aktif olarak sürdürür.
Reading 027 - The Psychological Benefits of Practicing Mindfulness Meditation;2;Through consistent practice, individuals learn to observe their thoughts and feelings with a sense of detached awareness, rather than becoming automatically caught up in them, which gradually weakens the power of habitual negative thought patterns and emotional reactions that often contribute to anxiety, depression, and chronic stress.;"Tutarlı uygulama yoluyla, bireyler düşüncelerini ve duygularını, onlara otomatik olarak kapılmak yerine, bir tür mesafeli farkındalıkla gözlemlemeyi öğrenirler; bu, kaygı, depresyon ve kronik strese sıklıkla katkıda bulunan alışılmış olumsuz düşünce kalıplarının ve duygusal tepkilerin gücünü kademeli olarak zayıflatır."
Reading 027 - The Psychological Benefits of Practicing Mindfulness Meditation;3;Numerous neuroscientific studies have demonstrated that regular mindfulness practice can induce measurable changes in brain structure and function, including increased gray matter density in regions associated with learning, memory, and emotional regulation, and decreased activity in the amygdala, the brain's primary fear and stress center.;"Çok sayıda nörobilimsel çalışma, düzenli farkındalık pratiğinin beyin yapısında ve işlevinde ölçülebilir değişikliklere yol açabileceğini göstermiştir; bunlar arasında öğrenme, hafıza ve duygusal düzenleme ile ilişkili bölgelerde artan gri madde yoğunluğu ve beynin birincil korku ve stres merkezi olan amigdalada azalan aktivite yer alır."
Reading 027 - The Psychological Benefits of Practicing Mindfulness Meditation;4;Beyond its clinical applications for treating specific disorders, mindfulness has been shown to enhance a wide range of cognitive abilities in healthy individuals, such as improving sustained attention, working memory capacity, and cognitive flexibility, which is the ability to adapt one's thinking to new and unexpected situations.;Belirli bozuklukları tedavi etmeye yönelik klinik uygulamalarının ötesinde, farkındalığın sağlıklı bireylerde sürekli dikkati iyileştirme, çalışma belleği kapasitesini artırma ve kişinin düşüncesini yeni ve beklenmedik durumlara uyarlama yeteneği olan bilişsel esnekliği geliştirme gibi çok çeşitli bilişsel yetenekleri geliştirdiği gösterilmiştir.
Reading 027 - The Psychological Benefits of Practicing Mindfulness Meditation;5;Furthermore, cultivating a non-judgmental awareness of the present moment can lead to greater self-compassion and acceptance, reducing the tendency for harsh self-criticism and allowing individuals to relate to themselves and others with more kindness, empathy, and understanding.;Dahası, şimdiki ana yargılayıcı olmayan bir farkındalık geliştirmek, daha büyük bir öz-şefkat ve kabule yol açabilir, sert öz-eleştiri eğilimini azaltabilir ve bireylerin kendileriyle ve başkalarıyla daha fazla nezaket, empati ve anlayışla ilişki kurmasına olanak tanır.
Reading 027 - The Psychological Benefits of Practicing Mindfulness Meditation;6;In essence, by training the mind to be more present and less reactive, mindfulness meditation offers a practical and accessible path toward cultivating greater emotional resilience, mental clarity, and a deeper sense of peace and contentment in the midst of life's inevitable challenges and complexities, making it a valuable practice for anyone seeking to improve their quality of life.;Özünde, zihni daha mevcut ve daha az tepkisel olacak şekilde eğiterek, farkındalık meditasyonu, hayatın kaçınılmaz zorlukları ve karmaşıklıkları ortasında daha fazla duygusal dayanıklılık, zihinsel berraklık ve daha derin bir huzur ve memnuniyet duygusu geliştirmek için pratik ve erişilebilir bir yol sunar ve bu da onu yaşam kalitesini iyileştirmek isteyen herkes için değerli bir uygulama haline getirir.
Reading 028 - The Intricate World of Coral Reef Ecosystems;1;Often referred to as the rainforests of the sea, coral reef ecosystems are among the most biologically diverse and productive habitats on Earth, supporting an estimated twenty-five percent of all marine life despite covering less than one percent of the ocean floor, a testament to their incredible ecological significance.;"Genellikle denizin yağmur ormanları olarak adlandırılan mercan resifi ekosistemleri, Dünya üzerindeki en biyolojik çeşitliliğe sahip ve üretken yaşam alanları arasındadır; okyanus tabanının yüzde birinden azını kaplamalarına rağmen tahmini olarak tüm deniz yaşamının yüzde yirmi beşini desteklerler, bu da onların inanılmaz ekolojik öneminin bir kanıtıdır."
Reading 028 - The Intricate World of Coral Reef Ecosystems;2;The very foundation of these vibrant underwater cities is the coral polyp, a tiny, soft-bodied animal that secretes a hard calcium carbonate exoskeleton, and it is the accumulation of countless generations of these polyps, building upon the skeletons of their predecessors, that creates the massive, complex reef structures we recognize.;Bu canlı sualtı şehirlerinin temeli, sert bir kalsiyum karbonat dış iskelet salgılayan küçük, yumuşak gövdeli bir hayvan olan mercan polibidir ve tanıdığımız devasa, karmaşık resif yapılarını yaratan, seleflerinin iskeletleri üzerine inşa edilen bu poliplerin sayısız neslinin birikmesidir.
Reading 028 - The Intricate World of Coral Reef Ecosystems;3;This intricate structural complexity provides an abundance of niches and hiding places, creating a three-dimensional habitat that supports an astonishing variety of organisms, from colorful fish and crustaceans to sea turtles, sharks, and a myriad of invertebrate species, all interconnected in a delicate web of life.;Bu karmaşık yapısal karmaşıklık, bol miktarda niş ve saklanma yeri sağlayarak, renkli balıklar ve kabuklulardan deniz kaplumbağalarına, köpekbalıklarına ve sayısız omurgasız türüne kadar şaşırtıcı bir organizma çeşitliliğini destekleyen, hepsi hassas bir yaşam ağında birbirine bağlı üç boyutlu bir yaşam alanı yaratır.
Reading 028 - The Intricate World of Coral Reef Ecosystems;4;A key to the reef's productivity lies in a remarkable symbiotic relationship between the coral polyps and microscopic algae called zooxanthellae, which live within the polyps' tissues, where they photosynthesize and provide the coral with up to ninety percent of its energy requirements in exchange for protection and access to sunlight.;"Resifin üretkenliğinin anahtarı, mercan polipleri ile zooxanthellae adı verilen mikroskobik algler arasındaki dikkate değer bir simbiyotik ilişkide yatar; bu algler poliplerin dokuları içinde yaşar, fotosentez yapar ve koruma ve güneş ışığına erişim karşılığında mercana enerji ihtiyacının yüzde doksanına kadarını sağlar."
Reading 028 - The Intricate World of Coral Reef Ecosystems;5;However, these extraordinarily rich ecosystems are facing an unprecedented global crisis, primarily driven by climate change-induced rising sea temperatures, which cause corals to expel their symbiotic algae in a process known as coral bleaching, leaving them stark white and vulnerable to starvation and disease if conditions do not quickly improve.;"Ancak, bu olağanüstü zengin ekosistemler, öncelikle iklim değişikliğinin neden olduğu yükselen deniz sıcaklıkları tarafından yönlendirilen benzeri görülmemiş bir küresel krizle karşı karşıyadır; bu durum, mercanların simbiyotik alglerini mercan beyazlaması olarak bilinen bir süreçle dışarı atmasına neden olur ve koşullar hızla düzelmezse onları bembeyaz ve açlığa ve hastalığa karşı savunmasız bırakır."
Reading 028 - The Intricate World of Coral Reef Ecosystems;6;The decline of coral reefs would not only represent an incalculable loss of biodiversity but also have devastating consequences for hundreds of millions of people who depend on them for food, coastal protection from storms, and income from tourism and fisheries, underscoring the urgent need for global action to reduce carbon emissions and protect these irreplaceable natural wonders.;Mercan resiflerinin azalması yalnızca ölçülemez bir biyolojik çeşitlilik kaybını temsil etmekle kalmayacak, aynı zamanda gıda, fırtınalardan kıyı koruması ve turizm ve balıkçılıktan elde edilen gelir için onlara bağımlı olan yüz milyonlarca insan için yıkıcı sonuçlar doğuracak ve karbon emisyonlarını azaltmak ve bu yeri doldurulamaz doğa harikalarını korumak için küresel eylemin acil ihtiyacını vurgulayacaktır.
Reading 029 - The Renaissance of Nuclear Energy in the Fight Against Climate Change;1; Faced with the escalating urgency of the global climate crisis, energy policymakers are critically reevaluating the strategic viability of expanding domestic nuclear power generation capacities.; Küresel iklim krizinin artan aciliyeti ile karşı karşıya kalan enerji politika yapıcıları, yerli nükleer enerji üretim kapasitelerini genişletmenin stratejik uygulanabilirliğini eleştirel bir şekilde yeniden değerlendirmektedir.
Reading 029 - The Renaissance of Nuclear Energy in the Fight Against Climate Change;2; Unlike conventional fossil fuel facilities, modern nuclear reactors possess the extraordinary capability to generate massive quantities of baseload electricity without emitting any greenhouse gases whatsoever.; Geleneksel fosil yakıt tesislerinin aksine modern nükleer reaktörler, hiçbir sera gazı yaymadan devasa miktarlarda baz yük elektriği üretme gibi olağanüstü bir yeteneğe sahiptir.
Reading 029 - The Renaissance of Nuclear Energy in the Fight Against Climate Change;3; Nevertheless, the horrific legacy of historical nuclear disasters continues to fuel intense public skepticism and widespread resistance against the construction of new atomic energy plants.; Bununla birlikte, tarihi nükleer felaketlerin korkunç mirası, yeni atom enerjisi santrallerinin inşasına yönelik yoğun kamuoyu şüphesini ve yaygın direnişi körüklemeye devam etmektedir.
Reading 029 - The Renaissance of Nuclear Energy in the Fight Against Climate Change;4; To effectively alleviate these valid societal apprehensions, engineering consortiums are rapidly developing smaller, intrinsically safe modular reactors that automatically shut down during critical emergency situations.; Bu geçerli toplumsal endişeleri etkili bir şekilde hafifletmek için mühendislik konsorsiyumları, kritik acil durumlarda otomatik olarak kapanan daha küçük, yapısal olarak güvenli modüler reaktörleri hızla geliştirmektedir.
Reading 029 - The Renaissance of Nuclear Energy in the Fight Against Climate Change;5; Furthermore, resolving the exceptionally complicated logistical dilemma of safely isolating highly radioactive waste for millennia remains a paramount priority for the international scientific community.; Dahası, yüksek derecede radyoaktif atıkları binlerce yıl boyunca güvenli bir şekilde izole etmenin son derece karmaşık lojistik ikilemini çözmek, uluslararası bilim camiası için en önemli öncelik olmaya devam etmektedir.
Reading 029 - The Renaissance of Nuclear Energy in the Fight Against Climate Change;6; Ultimately, integrating advanced nuclear technology into a diversified clean energy portfolio might be the most pragmatic strategy for achieving ambitious global decarbonization targets efficiently.; Nihayetinde, gelişmiş nükleer teknolojiyi çeşitlendirilmiş bir temiz enerji portföyüne entegre etmek, iddialı küresel karbonsuzlaştırma hedeflerine verimli bir şekilde ulaşmak için en pragmatik strateji olabilir.
Reading 030 - The Evolution of Human Language;1;The emergence of human language, a complex and symbolic system of communication that allows us to express an infinite array of ideas, emotions, and concepts about the past, present, and future, stands as one of the most pivotal developments in our species' evolutionary history, fundamentally distinguishing us from all other animals.;Geçmiş, şimdi ve gelecek hakkında sonsuz sayıda fikir, duygu ve kavramı ifade etmemizi sağlayan karmaşık ve sembolik bir iletişim sistemi olan insan dilinin ortaya çıkışı, türümüzün evrim tarihindeki en önemli gelişmelerden biri olarak duruyor ve bizi temelde diğer tüm hayvanlardan ayırıyor.
Reading 030 - The Evolution of Human Language;2;Unlike the closed systems of animal communication, which typically consist of a limited number of signals tied to specific stimuli like danger or food, human language is characterized by its open-endedness and productivity, enabling us to combine a finite set of sounds or symbols according to complex rules to generate an unbounded number of novel utterances.;Tipik olarak tehlike veya yiyecek gibi belirli uyaranlara bağlı sınırlı sayıda sinyalden oluşan hayvan iletişiminin kapalı sistemlerinin aksine, insan dili, açık uçluluğu ve üretkenliği ile karakterize edilir ve sınırlı bir dizi ses veya sembolü karmaşık kurallara göre birleştirerek sınırsız sayıda yeni ifade üretmemizi sağlar.
Reading 030 - The Evolution of Human Language;3;While the precise origins of language remain shrouded in mystery due to the lack of direct evidence, as spoken words leave no fossil record, scholars from diverse fields such as anthropology, neuroscience, and linguistics have proposed various theories, suggesting it may have evolved gradually from more primitive gestural or vocal communication systems in early hominins.;Konuşulan kelimeler fosil kaydı bırakmadığından, doğrudan kanıt eksikliği nedeniyle dilin kesin kökenleri gizemini korurken, antropoloji, nörobilim ve dilbilim gibi çeşitli alanlardan bilim adamları, erken dönem insanımsılarda daha ilkel jestsel veya sesli iletişim sistemlerinden kademeli olarak evrimleşmiş olabileceğini öne süren çeşitli teoriler ortaya koymuşlardır.
Reading 030 - The Evolution of Human Language;4;A crucial factor in this evolution was likely the development of specialized brain structures, particularly in areas like Broca's area and Wernicke's area, which are critically involved in speech production and language comprehension, respectively, demonstrating the deep biological foundation upon which our linguistic abilities are built.;Bu evrimdeki önemli bir faktör, muhtemelen, sırasıyla konuşma üretimi ve dil anlama ile kritik olarak ilgili olan Broca alanı ve Wernicke alanı gibi bölgelerde, uzmanlaşmış beyin yapılarının gelişmesiydi ve dil yeteneklerimizin üzerine inşa edildiği derin biyolojik temeli gösteriyordu.
Reading 030 - The Evolution of Human Language;5;Furthermore, anatomical changes in the vocal tract, including the lower position of the larynx in humans compared to other primates, allowed for the production of the wide range of distinct sounds necessary for spoken language, though this adaptation also came with the increased risk of choking.;Dahası, gırtlağın diğer primatlara kıyasla insanlarda daha düşük konumu da dahil olmak üzere ses yolundaki anatomik değişiklikler, konuşulan dil için gerekli olan çok çeşitli farklı seslerin üretilmesine izin verdi, ancak bu adaptasyon aynı zamanda artan boğulma riskini de beraberinde getirdi.
Reading 030 - The Evolution of Human Language;6;"The development of language was not merely a biological or cognitive milestone; it was a transformative social and cultural innovation that enabled the accumulation and transmission of knowledge across generations, facilitated complex cooperation and social organization, and ultimately paved the way for the creation of art, science, and the entirety of human culture as we know it, making us who we are today.";"Dilin gelişimi yalnızca biyolojik veya bilişsel bir dönüm noktası değildi; bilginin nesiller boyunca birikmesini ve aktarılmasını sağlayan, karmaşık işbirliğini ve sosyal organizasyonu kolaylaştıran ve nihayetinde bildiğimiz şekliyle sanatın, bilimin ve tüm insan kültürünün yaratılmasının yolunu açan, bizi bugün olduğumuz kişi yapan dönüştürücü bir sosyal ve kültürel yenilikti."
Reading 031 - The Societal Implications of Universal Basic Income;1; The controversial economic concept of a universal basic income guarantees every adult citizen a regular, unconditional financial stipend regardless of their current employment status.; Evrensel temel gelirin tartışmalı ekonomik konsepti, mevcut istihdam durumlarına bakılmaksızın her yetişkin vatandaşa düzenli, koşulsuz bir mali ödenek garanti eder.
Reading 031 - The Societal Implications of Universal Basic Income;2; Proponents vehemently argue that providing an unconditional financial safety net will systematically eradicate extreme poverty and empower marginalized individuals to pursue meaningful educational opportunities.; Savunucular, koşulsuz bir finansal güvenlik ağı sağlamanın aşırı yoksulluğu sistematik olarak ortadan kaldıracağını ve dışlanmış bireyleri anlamlı eğitim fırsatları peşinde koşmaları için güçlendireceğini şiddetle savunmaktadır.
Reading 031 - The Societal Implications of Universal Basic Income;3; Conversely, fiscal conservatives frequently express profound concerns that implementing such massive wealth redistribution programs would inevitably disincentivize labor participation and trigger uncontrollable economic inflation.; Aksine, mali muhafazakarlar, bu tür devasa servet yeniden dağıtım programlarının uygulanmasının kaçınılmaz olarak işgücüne katılımı caydıracağı ve kontrol edilemeyen ekonomik enflasyonu tetikleyeceği konusunda sıklıkla derin endişelerini dile getirmektedir.
Reading 031 - The Societal Implications of Universal Basic Income;4; Preliminary data collected from various localized pilot programs indicates that guaranteed income significantly improves overall mental health metrics without causing a catastrophic decline in workforce engagement.; Çeşitli yerelleştirilmiş pilot programlardan toplanan ön veriler, garantili gelirin işgücü katılımında feci bir düşüşe neden olmadan genel ruh sağlığı ölçümlerini önemli ölçüde iyileştirdiğini göstermektedir.
Reading 031 - The Societal Implications of Universal Basic Income;5; As automation and advanced artificial intelligence continue to displace traditional manufacturing jobs, alternative welfare mechanisms will likely become an inescapable necessity for modern democratic societies.; Otomasyon ve gelişmiş yapay zeka geleneksel üretim işlerinin yerini almaya devam ettikçe, alternatif refah mekanizmaları modern demokratik toplumlar için muhtemelen kaçınılmaz bir zorunluluk haline gelecektir.
Reading 031 - The Societal Implications of Universal Basic Income;6; Determining the optimal implementation strategy for these ambitious social programs requires a rigorous empirical analysis of their long-term macroeconomic consequences on domestic productivity and taxation.; Bu iddialı sosyal programlar için en uygun uygulama stratejisini belirlemek, bunların yurt içi üretkenlik ve vergilendirme üzerindeki uzun vadeli makroekonomik sonuçlarının titiz bir ampirik analizini gerektirir.
Reading 032 - The Intricate Biological Mechanisms of Autoimmune Diseases;1; Autoimmune diseases represent a deeply complex physiological malfunction wherein the human body's internal defense mechanisms mistakenly identify healthy biological tissues as dangerous foreign invaders.; Otoimmün hastalıklar, insan vücudunun iç savunma mekanizmalarının sağlıklı biyolojik dokuları yanlışlıkla tehlikeli yabancı işgalciler olarak tanımladığı son derece karmaşık bir fizyolojik arızayı temsil eder.
Reading 032 - The Intricate Biological Mechanisms of Autoimmune Diseases;2; This catastrophic failure of immunological tolerance triggers a relentless inflammatory response that systematically degrades essential organs, joints, and critical neurological pathways over extended periods.; İmmünolojik toleransın bu yıkıcı başarısızlığı, uzun süreler boyunca temel organları, eklemleri ve kritik nörolojik yolları sistematik olarak bozan amansız bir enflamatuar tepkiyi tetikler.
Reading 032 - The Intricate Biological Mechanisms of Autoimmune Diseases;3; While the exact etiology of these devastating conditions remains largely elusive, medical researchers strongly suspect a complicated intersection of genetic predispositions and specific environmental catalysts.; Bu yıkıcı koşulların kesin etiyolojisi büyük ölçüde belirsizliğini korurken, tıp araştırmacıları genetik yatkınlıkların ve belirli çevresel katalizörlerin karmaşık bir kesişiminden güçlü bir şekilde şüphelenmektedir.
Reading 032 - The Intricate Biological Mechanisms of Autoimmune Diseases;4; Conventional treatment methodologies primarily rely on aggressive immunosuppressive medications that effectively alleviate painful symptoms but unfortunately leave patients highly susceptible to secondary bacterial and viral infections.; Geleneksel tedavi metodolojileri öncelikle, ağrılı semptomları etkili bir şekilde hafifleten ancak ne yazık ki hastaları ikincil bakteriyel ve viral enfeksiyonlara karşı oldukça duyarlı bırakan agresif immünsüpresif ilaçlara dayanır.
Reading 032 - The Intricate Biological Mechanisms of Autoimmune Diseases;5; Revolutionary advancements in targeted biologic therapies are currently providing unprecedented hope by meticulously blocking specific inflammatory proteins without entirely disabling the patient's comprehensive immune system.; Hedefe yönelik biyolojik tedavilerdeki devrim niteliğindeki ilerlemeler, hastanın kapsamlı bağışıklık sistemini tamamen devre dışı bırakmadan belirli enflamatuar proteinleri titizlikle bloke ederek şu anda benzeri görülmemiş bir umut sağlamaktadır.
Reading 032 - The Intricate Biological Mechanisms of Autoimmune Diseases;6; Continued investment in molecular biology research is absolutely imperative for developing definitive curative interventions that can permanently restore proper immunological balance for millions of suffering patients.; Milyonlarca acı çeken hasta için uygun immünolojik dengeyi kalıcı olarak geri getirebilecek kesin iyileştirici müdahaleler geliştirmek adına moleküler biyoloji araştırmalarına yatırım yapmaya devam edilmesi kesinlikle zorunludur.
Reading 033 - The Economics of the Gig Economy and Freelance Labor;1; The rapid proliferation of digital marketplace platforms has catalyzed a phenomenal expansion of the gig economy, fundamentally redefining the traditional parameters of conventional employment contracts.; Dijital pazar yeri platformlarının hızla çoğalması, esnek ekonomi (gig economy) adı verilen yapının olağanüstü bir şekilde genişlemesini hızlandırmış ve geleneksel istihdam sözleşmelerinin klasik parametrelerini temelden yeniden tanımlamıştır.
Reading 033 - The Economics of the Gig Economy and Freelance Labor;2; Independent contractors frequently praise this modern economic paradigm for providing unprecedented scheduling flexibility and the entrepreneurial autonomy to select geographically diverse commercial projects autonomously.; Bağımsız yükleniciler sıklıkla bu modern ekonomik paradigmayı, eşi benzeri görülmemiş planlama esnekliği ve coğrafi olarak çeşitli ticari projeleri otonom olarak seçme girişimci özerkliği sağladığı için överler.
Reading 033 - The Economics of the Gig Economy and Freelance Labor;3; However, prominent labor rights advocates consistently highlight the perilous lack of fundamental employment protections, including employer-sponsored healthcare, paid medical leave, and reliable retirement pension plans.; Ancak, önde gelen işçi hakları savunucuları, işveren destekli sağlık hizmetleri, ücretli tıbbi izin ve güvenilir emeklilik planları da dahil olmak üzere temel istihdam korumalarının tehlikeli eksikliğini sürekli olarak vurgulamaktadır.
Reading 033 - The Economics of the Gig Economy and Freelance Labor;4; The inherent financial unpredictability associated with fluctuating freelance workloads can readily precipitate severe economic anxiety and profound housing instability among vulnerable independent workers globally.; Dalgalanan serbest çalışma iş yükleriyle ilişkili doğal finansal öngörülemezlik, küresel çapta savunmasız bağımsız çalışanlar arasında şiddetli ekonomik endişeyi ve derin barınma istikrarsızlığını kolayca tetikleyebilir.
Reading 033 - The Economics of the Gig Economy and Freelance Labor;5; Consequently, international legislative bodies are currently facing immense pressure to draft progressive regulatory frameworks that adequately protect independent workers without entirely stifling corporate technological innovation.; Sonuç olarak, uluslararası yasama organları şu anda kurumsal teknolojik yenilikleri tamamen boğmadan bağımsız işçileri yeterince koruyan ilerici düzenleyici çerçeveler tasarlamak için büyük bir baskıyla karşı karşıyadır.
Reading 033 - The Economics of the Gig Economy and Freelance Labor;6; Establishing a modernized social safety net that remains attached to the individual rather than the employer is crucial for sustaining this evolving alternative workforce model.; İşverenden ziyade bireye bağlı kalan modernleştirilmiş bir sosyal güvenlik ağı kurmak, bu gelişen alternatif işgücü modelini sürdürmek için çok önemlidir.
Reading 034 - The Dynamics of Tectonic Plate Movements and Earthquake Prediction;1; The continuous, imperceptible shifting of massive tectonic plates beneath the Earth's crust is the primary geological mechanism responsible for generating devastating global seismic activities.; Yerkabuğunun altındaki devasa tektonik plakaların sürekli, algılanamaz değişimi, yıkıcı küresel sismik faaliyetler üretmekten sorumlu birincil jeolojik mekanizmadır.
Reading 034 - The Dynamics of Tectonic Plate Movements and Earthquake Prediction;2; When immense frictional forces temporarily prevent these colossal subterranean rock formations from sliding smoothly past one another, an extraordinary accumulation of localized mechanical stress predictably occurs.; Devasa sürtünme kuvvetleri bu devasa yer altı kaya oluşumlarının birbirlerinin yanından pürüzsüzce kaymasını geçici olarak engellediğinde, bölgesel mekanik stresin olağanüstü bir birikimi tahmin edilebileceği gibi meydana gelir.
Reading 034 - The Dynamics of Tectonic Plate Movements and Earthquake Prediction;3; The sudden and violent release of this accumulated kinetic energy forcefully propels destructive seismic waves through the surrounding geological structures, ultimately causing catastrophic surface tremors.; Biriken bu kinetik enerjinin ani ve şiddetli salınımı, yıkıcı sismik dalgaları çevredeki jeolojik yapılar boyunca zorla iter ve nihayetinde felaket niteliğinde yüzey sarsıntılarına neden olur.
Reading 034 - The Dynamics of Tectonic Plate Movements and Earthquake Prediction;4; Despite decades of rigorous seismological research and the deployment of hypersensitive monitoring equipment, accurately predicting the exact timing and precise location of impending earthquakes remains fundamentally impossible.; Onlarca yıllık titiz sismolojik araştırmalara ve aşırı hassas izleme ekipmanlarının konuşlandırılmasına rağmen, yaklaşan depremlerin kesin zamanlamasını ve kesin yerini doğru bir şekilde tahmin etmek temelde imkansız olmaya devam etmektedir.
Reading 034 - The Dynamics of Tectonic Plate Movements and Earthquake Prediction;5; Therefore, civil engineers focus heavily on developing resilient architectural frameworks capable of enduring severe lateral accelerations to minimize structural collapses in densely populated metropolitan zones.; Bu nedenle inşaat mühendisleri, yoğun nüfuslu metropol bölgelerinde yapısal çökmeleri en aza indirmek için şiddetli yanal ivmelenmelere dayanabilecek dirençli mimari çerçeveler geliştirmeye büyük önem vermektedir.
Reading 034 - The Dynamics of Tectonic Plate Movements and Earthquake Prediction;6; Implementing comprehensive emergency preparedness protocols and establishing efficient early warning broadcasting systems are genuinely essential strategies for maximizing public safety during unpredictable natural disasters.; Kapsamlı acil durum hazırlık protokollerinin uygulanması ve verimli erken uyarı yayın sistemlerinin kurulması, öngörülemeyen doğal afetler sırasında kamu güvenliğini en üst düzeye çıkarmak için gerçekten temel stratejilerdir.
Reading 035 - The Philosophical Foundations of Modern Existentialism;1; The philosophical movement known as existentialism prominently emphasizes individual autonomy, intellectual freedom, and the absolute necessity of constructing personal meaning within an inherently chaotic universe.; Varoluşçuluk olarak bilinen felsefi akım, bireysel özerkliği, entelektüel özgürlüğü ve doğası gereği kaotik olan bir evrende kişisel anlam inşa etmenin mutlak gerekliliğini belirgin bir şekilde vurgular.
Reading 035 - The Philosophical Foundations of Modern Existentialism;2; Leading existentialist thinkers fundamentally reject the comforting notion that human beings possess a predetermined essence or a divinely orchestrated purpose guiding their terrestrial existence.; Önde gelen varoluşçu düşünürler, insanoğlunun önceden belirlenmiş bir öze veya dünyevi varoluşlarına rehberlik eden ilahi bir şekilde düzenlenmiş bir amaca sahip olduğu yönündeki rahatlatıcı fikri temelden reddederler.
Reading 035 - The Philosophical Foundations of Modern Existentialism;3; Instead, they argue convincingly that individuals are completely responsible for authenticating their own lives through conscious decision-making and the courageous acceptance of the resulting consequences.; Bunun yerine, bireylerin bilinçli kararlar alma ve ortaya çıkan sonuçları cesurca kabul etme yoluyla kendi yaşamlarını doğrulamaktan tamamen sorumlu olduklarını ikna edici bir şekilde savunurlar.
Reading 035 - The Philosophical Foundations of Modern Existentialism;4; This profound realization of absolute freedom frequently instills a deep sense of psychological dread, which philosophers classically characterize as the terrifying burden of inescapable existential anxiety.; Mutlak özgürlüğün bu derin farkındalığı sıklıkla, filozofların klasik olarak kaçınılmaz varoluşsal kaygının ürkütücü yükü olarak nitelendirdikleri derin bir psikolojik korku duygusu aşılar.
Reading 035 - The Philosophical Foundations of Modern Existentialism;5; Nevertheless, fully embracing this inherent absurdity allows individuals to transcend societal expectations and passionately cultivate a genuinely authentic existence aligned with their internal moral compass.; Bununla birlikte, bu içsel saçmalığı tamamen benimsemek, bireylerin toplumsal beklentileri aşmalarına ve içsel ahlaki pusulalarıyla uyumlu, gerçekten otantik bir varoluşu tutkuyla geliştirmelerine olanak tanır.
Reading 035 - The Philosophical Foundations of Modern Existentialism;6; Exploring these complex existential concepts provides modern individuals with valuable intellectual tools to navigate the profound uncertainties and inevitable moral dilemmas of contemporary human life.; Bu karmaşık varoluşsal kavramları keşfetmek, modern bireylere çağdaş insan yaşamının derin belirsizlikleri ve kaçınılmaz ahlaki ikilemleri arasında gezinmek için değerli entelektüel araçlar sağlar.
Reading 036 - The Physics of Black Holes and General Relativity;1; According to the groundbreaking theory of general relativity proposed by Albert Einstein, massive celestial objects significantly warp the surrounding fabric of spacetime.; Albert Einstein tarafından öne sürülen çığır açıcı genel görelilik teorisine göre, devasa gök cisimleri etraflarındaki uzay-zaman dokusunu önemli ölçüde büker.
Reading 036 - The Physics of Black Holes and General Relativity;2; When a sufficiently massive star exhausts its internal nuclear fuel, it undergoes a catastrophic gravitational collapse that inevitably forms a dense black hole.; Yeterince büyük bir yıldız iç nükleer yakıtını tükettiğinde, kaçınılmaz olarak yoğun bir karadelik oluşturan feci bir kütleçekimsel çöküş yaşar.
Reading 036 - The Physics of Black Holes and General Relativity;3; The boundary surrounding this astronomical phenomenon, known as the event horizon, represents a theoretical point of no return where gravitational forces become absolute.; Bu astronomik olguyu çevreleyen ve olay ufku olarak bilinen sınır, kütleçekim kuvvetlerinin mutlak hale geldiği teorik bir geri dönüşü olmayan noktayı temsil eder.
Reading 036 - The Physics of Black Holes and General Relativity;4; Beyond this definitive threshold, the escape velocity exceeds the speed of light, meaning that absolutely no electromagnetic radiation can successfully emanate from within.; Bu kesin eşiğin ötesinde, kaçış hızı ışık hızını aşar, bu da içeriden kesinlikle hiçbir elektromanyetik radyasyonun başarılı bir şekilde yayılamayacağı anlamına gelir.
Reading 036 - The Physics of Black Holes and General Relativity;5; Theoretical physicists continue to debate the complex paradox concerning the potential loss of quantum information that gets irrevocably swallowed by these gravitational anomalies.; Teorik fizikçiler, bu kütleçekimsel anomaliler tarafından geri döndürülemez bir şekilde yutulan kuantum bilgisinin potansiyel kaybına ilişkin karmaşık paradoksu tartışmaya devam etmektedir.
Reading 036 - The Physics of Black Holes and General Relativity;6; Advanced astronomical observatories utilizing interferometry have recently succeeded in capturing direct visual evidence confirming the existence of supermassive black holes in distant galaxies.; İnterferometri kullanan gelişmiş astronomik gözlemevleri, son zamanlarda uzak galaksilerde süper kütleli karadeliklerin varlığını doğrulayan doğrudan görsel kanıtlar yakalamayı başarmıştır.
Reading 037 - The Evolution of Classical Music in the 18th Century;1; The transition from the intricate Baroque period to the Classical era introduced a profound structural transformation in the composition of European orchestral music.; Karmaşık Barok dönemden Klasik döneme geçiş, Avrupa orkestra müziğinin bestelenmesinde derin bir yapısal dönüşümü beraberinde getirmiştir.
Reading 037 - The Evolution of Classical Music in the 18th Century;2; Prominent composers of the late eighteenth century began to strongly favor elegant melodic clarity and symmetrical phrasing over the previously dominant contrapuntal complexity.; On sekizinci yüzyılın sonlarındaki önde gelen besteciler, daha önce baskın olan kontrpuan karmaşıklığı yerine zarif melodik netliği ve simetrik ifadeyi güçlü bir şekilde tercih etmeye başladılar.
Reading 037 - The Evolution of Classical Music in the 18th Century;3; The systematic development of the sonata form provided a rigorous architectural framework that allowed musicians to explore contrasting emotional themes within a single movement.; Sonat formunun sistematik gelişimi, müzisyenlerin tek bir bölüm içinde zıt duygusal temaları keşfetmelerine olanak tanıyan titiz bir mimari çerçeve sağladı.
Reading 037 - The Evolution of Classical Music in the 18th Century;4; Furthermore, the standardization of the symphony orchestra established a balanced distribution of string, woodwind, and brass instruments that greatly expanded the available tonal palette.; Dahası, senfoni orkestrasının standartlaşması, yaylı, tahta nefesli ve bakır nefesli çalgıların dengeli bir dağılımını kurarak mevcut ton paletini büyük ölçüde genişletti.
Reading 037 - The Evolution of Classical Music in the 18th Century;5; The patronage system, traditionally controlled by affluent aristocrats and religious institutions, gradually started shifting toward public concert performances accessible to the emerging middle class.; Geleneksel olarak varlıklı aristokratlar ve dini kurumlar tarafından kontrol edilen himaye sistemi, yavaş yavaş gelişmekte olan orta sınıfın erişebileceği halka açık konser performanslarına doğru kaymaya başladı.
Reading 037 - The Evolution of Classical Music in the 18th Century;6; Ultimately, this significant cultural evolution laid the indispensable aesthetic foundations for the subsequent Romantic movement that would eventually dominate nineteenth-century musical expression.; Nihayetinde bu önemli kültürel evrim, zamanla on dokuzuncu yüzyıl müzik ifadesine egemen olacak olan müteakip Romantik akım için vazgeçilmez estetik temelleri atmıştır.
Reading 038 - The Impact of Microfinance on Developing Economies;1; The strategic implementation of microfinance initiatives has emerged as a profoundly effective economic mechanism for poverty alleviation throughout numerous developing nations globally.; Mikrofinans girişimlerinin stratejik olarak uygulanması, küresel çapta çok sayıda gelişmekte olan ülkede yoksulluğun azaltılması için son derece etkili bir ekonomik mekanizma olarak ortaya çıkmıştır.
Reading 038 - The Impact of Microfinance on Developing Economies;2; By providing exceptionally small, uncollateralized loans to marginalized entrepreneurs, these innovative financial institutions successfully bypass the rigid exclusionary policies of traditional commercial banking systems.; Bu yenilikçi finans kurumları, dışlanmış girişimcilere son derece küçük, teminatsız krediler sağlayarak geleneksel ticari bankacılık sistemlerinin katı dışlayıcı politikalarını başarılı bir şekilde aşmaktadır.
Reading 038 - The Impact of Microfinance on Developing Economies;3; Consequently, impoverished individuals residing in rural communities are empowered to establish sustainable small-scale commercial enterprises that significantly enhance their household income and financial independence.; Sonuç olarak, kırsal topluluklarda ikamet eden yoksul bireyler, hane halkı gelirlerini ve finansal bağımsızlıklarını önemli ölçüde artıran sürdürülebilir küçük ölçekli ticari işletmeler kurmaları için güçlendirilmektedir.
Reading 038 - The Impact of Microfinance on Developing Economies;4; Empirical economic studies frequently demonstrate that distributing microcredit predominantly to female borrowers consistently yields remarkably higher repayment rates and superior community-level developmental outcomes.; Ampirik ekonomik çalışmalar, mikrokredinin ağırlıklı olarak kadın borçlulara dağıtılmasının tutarlı bir şekilde dikkate değer ölçüde daha yüksek geri ödeme oranları ve daha üstün topluluk düzeyinde gelişimsel sonuçlar verdiğini sıklıkla göstermektedir.
Reading 038 - The Impact of Microfinance on Developing Economies;5; Despite these undeniable socioeconomic advantages, critics consistently warn against the potential dangers associated with predatory lending practices and exorbitant interest rates in unregulated markets.; Bu inkar edilemez sosyoekonomik avantajlara rağmen eleştirmenler, düzenlenmemiş piyasalardaki yağmacı borç verme uygulamaları ve fahiş faiz oranlarıyla ilişkili olası tehlikelere karşı sürekli olarak uyarmaktadır.
Reading 038 - The Impact of Microfinance on Developing Economies;6; Therefore, establishing robust governmental oversight and enforcing strict ethical lending guidelines are absolutely essential prerequisites for maximizing the long-term benefits of grassroots microfinance programs.; Bu nedenle, sağlam hükümet gözetimi oluşturmak ve katı etik borç verme yönergelerini uygulamak, tabandan gelen mikrofinans programlarının uzun vadeli faydalarını en üst düzeye çıkarmak için kesinlikle temel önkoşullardır.
Reading 039 - The Cognitive Benefits of Bilingualism;1; Extensive neurocognitive research unequivocally demonstrates that individuals who fluently speak multiple languages acquire remarkably resilient neurological structures compared to their monolingual counterparts.; Kapsamlı nörobilişsel araştırmalar, akıcı bir şekilde birden fazla dil konuşan bireylerin, tek dilli akranlarına kıyasla dikkate değer ölçüde dirençli nörolojik yapılar edindiklerini kesin olarak göstermektedir.
Reading 039 - The Cognitive Benefits of Bilingualism;2; The constant neurological necessity of actively suppressing one linguistic system while utilizing another significantly strengthens the executive control centers located within the prefrontal cortex.; Bir başka dil sistemini kullanırken diğerini aktif olarak bastırmanın sürekli nörolojik zorunluluğu, prefrontal kortekste bulunan yürütücü kontrol merkezlerini önemli ölçüde güçlendirir.
Reading 039 - The Cognitive Benefits of Bilingualism;3; Consequently, bilingual speakers consistently exhibit superior performance in complex cognitive tasks requiring sustained attention, abstract problem-solving abilities, and seamless multitasking under high-pressure conditions.; Sonuç olarak, iki dilli konuşmacılar sürekli dikkat, soyut problem çözme yetenekleri ve yüksek baskı koşulları altında sorunsuz çoklu görev gerektiren karmaşık bilişsel görevlerde tutarlı bir şekilde üstün performans sergilerler.
Reading 039 - The Cognitive Benefits of Bilingualism;4; Furthermore, longitudinal clinical studies have convincingly suggested that lifelong bilingualism provides a robust neuroprotective effect that substantially delays the onset of degenerative conditions like Alzheimer's disease.; Ayrıca, boylamsal klinik çalışmalar, ömür boyu süren iki dilliliğin Alzheimer hastalığı gibi dejeneratif durumların başlangıcını önemli ölçüde geciktiren güçlü bir nöroprotektif etki sağladığını ikna edici bir şekilde öne sürmüştür.
Reading 039 - The Cognitive Benefits of Bilingualism;5; The enhanced neuroplasticity associated with language acquisition allows the human brain to rapidly establish compensatory neural pathways when facing age-related cognitive decline or traumatic brain injuries.; Dil edinimi ile ilişkili gelişmiş nöroplastisite, insan beyninin yaşa bağlı bilişsel gerileme veya travmatik beyin hasarları ile karşılaştığında hızla telafi edici sinirsel yollar kurmasına olanak tanır.
Reading 039 - The Cognitive Benefits of Bilingualism;6; Promoting widespread multilingual education in contemporary academic institutions therefore represents a vital public health strategy capable of preserving long-term cognitive vitality across diverse populations.; Bu nedenle, çağdaş akademik kurumlarda yaygın çok dilli eğitimin teşvik edilmesi, farklı popülasyonlar arasında uzun vadeli bilişsel canlılığı koruyabilen hayati bir halk sağlığı stratejisini temsil etmektedir.
Reading 040 - The Principles of Quantum Computing and Cryptography;1; The revolutionary field of quantum computing leverages the fundamentally bizarre principles of subatomic physics to process complex informational algorithms at unprecedented computational speeds.; Devrim niteliğindeki kuantum bilişim alanı, karmaşık bilgi algoritmalarını eşi benzeri görülmemiş hesaplama hızlarında işlemek için atom altı fiziğin temelde tuhaf ilkelerinden yararlanır.
Reading 040 - The Principles of Quantum Computing and Cryptography;2; Unlike classical digital computers that utilize binary bits representing either zero or one, quantum processors operate using qubits that can exist in multiple simultaneous states.; Sıfır veya bir'i temsil eden ikili bitleri kullanan klasik dijital bilgisayarların aksine, kuantum işlemciler aynı anda birden fazla durumda var olabilen kübitleri kullanarak çalışır.
Reading 040 - The Principles of Quantum Computing and Cryptography;3; This extraordinary phenomenon, known scientifically as quantum superposition, allows these advanced computational machines to evaluate an enormous multitude of potential solutions concurrently rather than sequentially.; Bilimsel olarak kuantum süperpozisyonu olarak bilinen bu olağanüstü olgu, bu gelişmiş hesaplama makinelerinin muazzam çokluktaki potansiyel çözümleri sıralı olarak değil eşzamanlı olarak değerlendirmesine olanak tanır.
Reading 040 - The Principles of Quantum Computing and Cryptography;4; Furthermore, the mysterious principle of quantum entanglement ensures that the physical states of separated qubits remain perfectly correlated regardless of the spatial distance between them.; Dahası, kuantum dolanıklığının gizemli ilkesi, ayrılmış kübitlerin fiziksel durumlarının aralarındaki uzamsal mesafeden bağımsız olarak mükemmel bir şekilde ilişkili kalmasını sağlar.
Reading 040 - The Principles of Quantum Computing and Cryptography;5; While this groundbreaking technology promises to rapidly accelerate pharmaceutical discoveries and optimize logistical networks, it simultaneously threatens to completely compromise contemporary cryptographic security protocols.; Bu çığır açıcı teknoloji, farmasötik keşifleri hızla ivmelendirmeyi ve lojistik ağları optimize etmeyi vaat ederken, aynı zamanda çağdaş kriptografik güvenlik protokollerini tamamen tehlikeye atma tehdidinde de bulunmaktadır.
Reading 040 - The Principles of Quantum Computing and Cryptography;6; Consequently, cybersecurity experts are currently racing against time to develop mathematically impenetrable quantum-resistant encryption algorithms before these formidable machines become widely accessible to malicious actors.; Sonuç olarak, siber güvenlik uzmanları şu anda bu zorlu makineler kötü niyetli aktörler için geniş çapta erişilebilir hale gelmeden önce matematiksel olarak aşılamaz kuantum dirençli şifreleme algoritmaları geliştirmek için zamanla yarışıyor.
Reading 041 - The Role of the Microbiome in Human Health;1; The human gastrointestinal tract serves as the primary habitat for an astonishingly diverse ecosystem of microscopic organisms collectively referred to as the gut microbiome.; İnsan gastrointestinal sistemi, topluca bağırsak mikrobiyomu olarak adlandırılan, mikroskobik organizmalardan oluşan şaşırtıcı derecede çeşitli bir ekosistem için birincil yaşam alanı olarak hizmet eder.
Reading 041 - The Role of the Microbiome in Human Health;2; Recent biomedical investigations have definitively established that these symbiotic bacterial populations play an absolutely indispensable role in facilitating essential digestive processes and synthesizing crucial vitamins.; Son biyomedikal araştırmalar, bu simbiyotik bakteri popülasyonlarının temel sindirim süreçlerini kolaylaştırmada ve hayati vitaminleri sentezlemede kesinlikle vazgeçilmez bir rol oynadığını kesin olarak ortaya koymuştur.
Reading 041 - The Role of the Microbiome in Human Health;3; Furthermore, an intricately balanced microbiome aggressively defends the host organism against invasive pathogenic bacteria by aggressively competing for limited nutritional resources and vital mucosal adherence sites.; Ayrıca, karmaşık bir şekilde dengelenmiş bir mikrobiyom, sınırlı besin kaynakları ve hayati mukozal tutunma bölgeleri için agresif bir şekilde rekabet ederek ev sahibi organizmayı istilacı patojenik bakterilere karşı güçlü bir şekilde savunur.
Reading 041 - The Role of the Microbiome in Human Health;4; Disruptions to this delicate microbial equilibrium, frequently caused by the overprescription of broad-spectrum antibiotics, are increasingly linked to severe autoimmune disorders and chronic inflammatory bowel diseases.; Sıklıkla geniş spektrumlu antibiyotiklerin aşırı reçete edilmesinin neden olduğu bu hassas mikrobiyal dengedeki bozulmalar, giderek artan bir şekilde şiddetli otoimmün bozukluklar ve kronik enflamatuar bağırsak hastalıklarıyla ilişkilendirilmektedir.
Reading 041 - The Role of the Microbiome in Human Health;5; Emerging psychobiological research also strongly suggests a profound bidirectional communication network connecting the enteric nervous system with the brain, thereby significantly influencing emotional regulation and mental health.; Ortaya çıkan psikobiyolojik araştırmalar da enterik sinir sistemini beyne bağlayan ve böylece duygu düzenlemesini ve ruh sağlığını önemli ölçüde etkileyen derin bir çift yönlü iletişim ağı olduğunu güçlü bir şekilde öne sürmektedir.
Reading 041 - The Role of the Microbiome in Human Health;6; Therefore, maintaining a resilient and diverse intestinal flora through balanced nutritional interventions represents a fundamentally critical strategy for preserving comprehensive physiological and psychological well-being.; Bu nedenle, dengeli beslenme müdahaleleri yoluyla dirençli ve çeşitli bir bağırsak florasını korumak, kapsamlı fizyolojik ve psikolojik esenliği korumak için temel olarak kritik bir stratejiyi temsil etmektedir.
Reading 042 - The Sociological Implications of Urban Gentrification;1; The complex sociological phenomenon of urban gentrification occurs when affluent individuals aggressively purchase and renovate residential properties situated within historically impoverished inner-city neighborhoods.; Kentsel mutenalaştırmanın (soylulaştırma) karmaşık sosyolojik olgusu, varlıklı bireylerin tarihsel olarak yoksul şehir içi mahallelerde yer alan konut mülklerini agresif bir şekilde satın alıp yenilediğinde ortaya çıkar.
Reading 042 - The Sociological Implications of Urban Gentrification;2; While municipal governments frequently praise the resulting infrastructural improvements and increased local tax revenues, this economic revitalization process inevitably precipitates a devastating displacement of long-term residents.; Belediye yönetimleri sıklıkla ortaya çıkan altyapı iyileştirmelerini ve artan yerel vergi gelirlerini övse de, bu ekonomik canlanma süreci kaçınılmaz olarak uzun süreli sakinlerin yıkıcı bir şekilde yerlerinden edilmesine zemin hazırlar.
Reading 042 - The Sociological Implications of Urban Gentrification;3; As property values and subsequent property taxes escalate exponentially, marginalized communities find themselves entirely incapable of affording the rapidly rising cost of living in their own districts.; Mülk değerleri ve buna bağlı emlak vergileri katlanarak arttıkça, dışlanmış topluluklar kendilerini kendi bölgelerinde hızla artan yaşam maliyetini karşılamaktan tamamen aciz bulurlar.
Reading 042 - The Sociological Implications of Urban Gentrification;4; Consequently, local small businesses that traditionally served the original demographic are systematically replaced by expensive corporate franchises and luxury boutiques catering exclusively to the incoming wealthy population.; Sonuç olarak, geleneksel olarak orijinal demografiye hizmet eden yerel küçük işletmeler, sistematik olarak yerini tamamen gelen zengin nüfusa hitap eden pahalı kurumsal bayiliklere ve lüks butiklere bırakır.
Reading 042 - The Sociological Implications of Urban Gentrification;5; This aggressive demographic transformation completely erodes the unique cultural identity and deeply established social cohesion that previously defined these historic metropolitan enclaves for multiple generations.; Bu agresif demografik dönüşüm, daha önce bu tarihi metropol bölgelerini nesiller boyu tanımlayan benzersiz kültürel kimliği ve derinden kurulmuş sosyal uyumu tamamen aşındırır.
Reading 042 - The Sociological Implications of Urban Gentrification;6; To effectively mitigate these severe socioeconomic disparities, progressive urban planners must implement comprehensive affordable housing mandates and enact robust tenant protection legislations preventing arbitrary evictions.; Bu şiddetli sosyoekonomik eşitsizlikleri etkili bir şekilde hafifletmek için ilerici şehir plancıları, kapsamlı uygun fiyatlı konut zorunlulukları uygulamalı ve keyfi tahliyeleri önleyen sağlam kiracı koruma yasaları çıkarmalıdır.
Reading 043 - The History and Mechanics of the Printing Press;1; The ingenious invention of the mechanical movable type printing press in the fifteenth century initiated an unprecedented revolution in the widespread dissemination of human knowledge.; On beşinci yüzyılda mekanik hareketli tip matbaanın dahiyane icadı, insan bilgisinin yaygınlaşmasında eşi benzeri görülmemiş bir devrim başlattı.
Reading 043 - The History and Mechanics of the Printing Press;2; Prior to this groundbreaking technological advancement, the agonizingly slow reproduction of literary manuscripts was exclusively performed by skilled monastic scribes working in heavily restricted religious environments.; Bu çığır açan teknolojik gelişmeden önce, edebi el yazmalarının acı verici derecede yavaş çoğaltılması, yalnızca son derece kısıtlı dini ortamlarda çalışan yetenekli manastır katipleri tarafından gerçekleştiriliyordu.
Reading 043 - The History and Mechanics of the Printing Press;3; The dramatic reduction in book production costs facilitated by typographical mass production fundamentally democratized access to educational materials across the heavily stratified societies of Renaissance Europe.; Tipografik seri üretimin kolaylaştırdığı kitap üretim maliyetlerindeki dramatik düşüş, Rönesans Avrupa'sının yoğun bir şekilde katmanlaşmış toplumları genelinde eğitim materyallerine erişimi temelden demokratikleştirdi.
Reading 043 - The History and Mechanics of the Printing Press;4; Consequently, the rapid circulation of controversial theological texts and innovative scientific treatises directly catalyzed monumental historical events such as the Protestant Reformation and the Scientific Revolution.; Sonuç olarak, tartışmalı teolojik metinlerin ve yenilikçi bilimsel incelemelerin hızla dolaşıma girmesi, Protestan Reformu ve Bilimsel Devrim gibi anıtsal tarihi olayları doğrudan hızlandırdı.
Reading 043 - The History and Mechanics of the Printing Press;5; Furthermore, the widespread availability of standardized printed materials significantly accelerated the standardization of vernacular languages, effectively diminishing the academic dominance of classical Latin in intellectual discourse.; Dahası, standartlaştırılmış basılı materyallerin yaygın olarak bulunabilirliği, yerel dillerin standartlaşmasını önemli ölçüde hızlandırdı ve klasik Latince'nin entelektüel söylemdeki akademik hakimiyetini etkili bir şekilde azalttı.
Reading 043 - The History and Mechanics of the Printing Press;6; Ultimately, the profound cultural transformation triggered by mechanical printing laid the essential ideological foundations for the subsequent emergence of modern democratic institutions and an enlightened public sphere.; Nihayetinde, mekanik baskının tetiklediği derin kültürel dönüşüm, modern demokratik kurumların ve aydınlanmış bir kamusal alanın daha sonra ortaya çıkması için gerekli ideolojik temelleri atmıştır.
Reading 044 - The Geopolitics of Global Freshwater Scarcity;1; The rapidly escalating global crisis of freshwater scarcity poses an existential threat to agricultural sustainability, industrial productivity, and fundamental public health across numerous vulnerable geopolitical regions.; Hızla tırmanan küresel tatlı su kıtlığı krizi, çok sayıda savunmasız jeopolitik bölgede tarımsal sürdürülebilirlik, endüstriyel üretkenlik ve temel halk sağlığı için varoluşsal bir tehdit oluşturmaktadır.
Reading 044 - The Geopolitics of Global Freshwater Scarcity;2; As the human population continues its exponential expansion, the unsustainable extraction of groundwater from ancient subterranean aquifers is drastically outpacing the natural rate of hydrological replenishment.; İnsan nüfusu üstel olarak genişlemeye devam ettikçe, eski yer altı akiferlerinden sürdürülemez yeraltı suyu çıkarımı, hidrolojik yenilenmenin doğal oranını büyük ölçüde geride bırakmaktadır.
Reading 044 - The Geopolitics of Global Freshwater Scarcity;3; Furthermore, the intensifying consequences of anthropogenic climate change are systematically disrupting predictable precipitation patterns, leading to prolonged catastrophic droughts in traditionally fertile agricultural basins worldwide.; Dahası, antropojenik iklim değişikliğinin yoğunlaşan sonuçları, öngörülebilir yağış modellerini sistematik olarak bozmakta ve dünya çapında geleneksel olarak verimli tarım havzalarında uzun süreli yıkıcı kuraklıklara yol açmaktadır.
Reading 044 - The Geopolitics of Global Freshwater Scarcity;4; The increasing competition over diminishing transboundary water resources frequently exacerbates historical diplomatic tensions between neighboring nations heavily reliant on shared river systems for economic survival.; Azalan sınır aşan su kaynakları üzerindeki artan rekabet, ekonomik hayatta kalmak için ortak nehir sistemlerine büyük ölçüde bağımlı olan komşu uluslar arasındaki tarihi diplomatik gerilimleri sıklıkla alevlendirmektedir.
Reading 044 - The Geopolitics of Global Freshwater Scarcity;5; To avert an imminent humanitarian catastrophe, international regulatory frameworks must rigorously enforce equitable water distribution treaties and financially incentivize the widespread adoption of highly efficient irrigation technologies.; Yaklaşan bir insani felaketi önlemek için, uluslararası düzenleyici çerçeveler adil su dağıtım anlaşmalarını titizlikle uygulamalı ve yüksek verimli sulama teknolojilerinin yaygın olarak benimsenmesini finansal olarak teşvik etmelidir.
Reading 044 - The Geopolitics of Global Freshwater Scarcity;6; Additionally, massive infrastructural investments in advanced desalination facilities and comprehensive wastewater recycling plants are absolutely critical for securing a reliable freshwater supply for future generations.; Ek olarak, gelişmiş tuzdan arındırma tesislerine ve kapsamlı atık su geri dönüşüm santrallerine yönelik devasa altyapı yatırımları, gelecek nesiller için güvenilir bir tatlı su tedariki sağlamak açısından kesinlikle kritiktir.
Reading 045 - The Development of mRNA Vaccine Technology;1; The unprecedentedly rapid development of synthetic messenger RNA vaccine technology represents a monumental triumph of modern molecular biology and collaborative international pharmaceutical research.; Sentetik mesajcı RNA aşı teknolojisinin eşi benzeri görülmemiş derecede hızlı gelişimi, modern moleküler biyolojinin ve işbirlikçi uluslararası farmasötik araştırmaların anıtsal bir zaferini temsil etmektedir.
Reading 045 - The Development of mRNA Vaccine Technology;2; Unlike traditional immunization methods utilizing weakened pathogens, this highly innovative approach involves introducing precisely engineered genetic instructions into the patient's healthy cellular machinery.; Zayıflatılmış patojenleri kullanan geleneksel bağışıklama yöntemlerinin aksine bu son derece yenilikçi yaklaşım, hassas bir şekilde tasarlanmış genetik talimatların hastanın sağlıklı hücresel mekanizmasına verilmesini içerir.
Reading 045 - The Development of mRNA Vaccine Technology;3; Consequently, the human body is temporarily reprogrammed to autonomously synthesize harmless viral proteins, thereby provoking a robust and highly specific immunological defense response against the targeted infection.; Sonuç olarak insan vücudu, zararsız viral proteinleri otonom olarak sentezlemek için geçici olarak yeniden programlanır ve böylece hedeflenen enfeksiyona karşı sağlam ve oldukça spesifik bir immünolojik savunma tepkisi kışkırtılır.
Reading 045 - The Development of mRNA Vaccine Technology;4; The extraordinary modularity of this advanced biochemical platform allows researchers to rapidly modify the vaccine formulation in direct response to the spontaneous emergence of dangerous viral mutations.; Bu gelişmiş biyokimyasal platformun olağanüstü modülerliği, araştırmacıların tehlikeli viral mutasyonların kendiliğinden ortaya çıkmasına doğrudan bir yanıt olarak aşı formülasyonunu hızla değiştirmesine olanak tanır.
Reading 045 - The Development of mRNA Vaccine Technology;5; Despite demonstrating remarkable clinical efficacy and unprecedented safety profiles, widespread global distribution of these temperature-sensitive pharmaceuticals is severely hindered by the logistical complexities of specialized ultra-cold storage requirements.; Dikkate değer klinik etkinlik ve eşi görülmemiş güvenlik profilleri göstermesine rağmen, bu sıcaklığa duyarlı ilaçların küresel çapta yaygın dağıtımı, özel ultra soğuk depolama gereksinimlerinin lojistik karmaşıklıkları nedeniyle ciddi şekilde engellenmektedir.
Reading 045 - The Development of mRNA Vaccine Technology;6; Overcoming these formidable infrastructural barriers remains an urgent priority for global health organizations striving to ensure equitable vaccine accessibility across economically disadvantaged developing nations worldwide.; Bu zorlu altyapı engellerinin üstesinden gelmek, dünya çapında ekonomik olarak dezavantajlı gelişmekte olan ülkelerde adil aşı erişilebilirliği sağlamaya çabalayan küresel sağlık örgütleri için acil bir öncelik olmaya devam etmektedir.
Reading 046 - The Psychology of Decision-Making and Behavioral Economics;1; The interdisciplinary field of behavioral economics fundamentally challenges the traditional neoclassical assumption that human beings consistently operate as perfectly rational agents making optimal financial calculations.; Disiplinlerarası davranışsal ekonomi alanı, insanoğlunun tutarlı bir şekilde optimal finansal hesaplamalar yapan kusursuz derecede rasyonel aktörler olarak hareket ettiği yönündeki geleneksel neoklasik varsayıma temelden meydan okur.
Reading 046 - The Psychology of Decision-Making and Behavioral Economics;2; Empirical psychological research convincingly demonstrates that human decision-making processes are heavily influenced by deeply ingrained cognitive biases, intense emotional states, and pervasive social pressures.; Ampirik psikolojik araştırmalar, insanın karar verme süreçlerinin köklü bilişsel önyargılardan, yoğun duygusal durumlardan ve yaygın sosyal baskılardan büyük ölçüde etkilendiğini ikna edici bir şekilde göstermektedir.
Reading 046 - The Psychology of Decision-Making and Behavioral Economics;3; For instance, the psychological phenomenon known as loss aversion dictates that individuals typically experience the emotional pain of losing money significantly more intensely than the pleasure of gaining it.; Örneğin, kayıptan kaçınma olarak bilinen psikolojik olgu, bireylerin tipik olarak para kaybetmenin duygusal acısını, kazanmanın zevkinden önemli ölçüde daha yoğun deneyimlediğini dikte eder.
Reading 046 - The Psychology of Decision-Making and Behavioral Economics;4; Furthermore, consumers frequently rely on simplified mental heuristics to navigate overwhelmingly complex economic environments, which inevitably leads to predictable systemic errors in their long-term financial planning.; Dahası, tüketiciler son derece karmaşık ekonomik ortamlarda gezinmek için sıklıkla basitleştirilmiş zihinsel kısayollara güvenirler ki bu da kaçınılmaz olarak uzun vadeli finansal planlamalarında öngörülebilir sistemik hatalara yol açar.
Reading 046 - The Psychology of Decision-Making and Behavioral Economics;5; Corporate marketing departments aggressively exploit these inherent psychological vulnerabilities by deliberately manipulating product pricing structures and utilizing deceptive promotional strategies to artificially stimulate unnecessary consumer spending.; Kurumsal pazarlama departmanları, gereksiz tüketici harcamalarını yapay olarak teşvik etmek için kasıtlı olarak ürün fiyatlandırma yapılarını manipüle ederek ve aldatıcı promosyon stratejileri kullanarak bu doğal psikolojik güvenlik açıklarını agresif bir şekilde istismar ederler.
Reading 046 - The Psychology of Decision-Making and Behavioral Economics;6; Therefore, governmental regulatory agencies increasingly utilize strategic behavioral nudges to subtly encourage citizens toward making objectively healthier lifestyle choices and establishing more responsible retirement savings accounts.; Bu nedenle devlet düzenleyici kurumları, vatandaşları nesnel olarak daha sağlıklı yaşam tarzı seçimleri yapmaya ve daha sorumlu emeklilik tasarruf hesapları oluşturmaya ustaca teşvik etmek için stratejik davranışsal dürtmeleri giderek daha fazla kullanmaktadır.
Reading 047 - The Architectural Legacy of the Byzantine Empire;1; The majestic architectural legacy of the Byzantine Empire is characterized by the spectacular integration of monumental structural engineering and breathtakingly intricate decorative mosaics.; Bizans İmparatorluğu'nun görkemli mimari mirası, anıtsal yapısal mühendisliğin ve nefes kesici derecede karmaşık dekoratif mozaiklerin muhteşem entegrasyonu ile karakterize edilir.
Reading 047 - The Architectural Legacy of the Byzantine Empire;2; Byzantine master builders ingeniously solved the complex geometrical problem of placing a massive hemispherical dome upon a square foundation by utilizing structurally revolutionary architectural elements called pendentives.; Bizanslı usta inşaatçılar, pandantif adı verilen yapısal olarak devrim niteliğindeki mimari öğeleri kullanarak kare bir temel üzerine devasa yarım küre şeklinde bir kubbe yerleştirmenin karmaşık geometrik problemini dahiyane bir şekilde çözdüler.
Reading 047 - The Architectural Legacy of the Byzantine Empire;3; This unprecedented engineering innovation allowed for the construction of incredibly vast and uninterrupted interior spaces that were specifically designed to inspire overwhelming religious awe among the congregation.; Bu eşi benzeri görülmemiş mühendislik inovasyonu, cemaat arasında ezici bir dini huşu uyandırmak için özel olarak tasarlanmış, inanılmaz derecede geniş ve kesintisiz iç mekanların inşasına olanak tanıdı.
Reading 047 - The Architectural Legacy of the Byzantine Empire;4; Furthermore, the strategic placement of countless deeply colored glass tesserae across the sprawling vaulted ceilings created a mesmerizing shimmering effect when illuminated by flickering candlelit chandeliers.; Ayrıca, sayısız derin renkli cam tesseraların genişleyen tonozlu tavanlar boyunca stratejik olarak yerleştirilmesi, titreyen mum ışıklı avizeler tarafından aydınlatıldığında büyüleyici bir parıltı etkisi yarattı.
Reading 047 - The Architectural Legacy of the Byzantine Empire;5; The iconic Hagia Sophia stands as the absolute pinnacle of this extraordinary architectural tradition, seamlessly blending the massive scale of a Roman basilica with profoundly spiritual eastern aesthetics.; İkonik Ayasofya, bir Roma bazilikasının devasa ölçeğini derinden ruhani doğu estetiğiyle kusursuz bir şekilde harmanlayarak bu olağanüstü mimari geleneğin mutlak zirvesi olarak durmaktadır.
Reading 047 - The Architectural Legacy of the Byzantine Empire;6; Ultimately, the profound stylistic influence of Byzantine ecclesiastical architecture systematically permeated throughout Eastern Europe, permanently shaping the structural evolution of numerous medieval Orthodox cathedrals and imperial palaces.; Nihayetinde, Bizans kilise mimarisinin derin üslup etkisi tüm Doğu Avrupa'ya sistematik olarak nüfuz etmiş
Reading 048 - The Dynamics of Atmospheric Circulation and Weather Patterns;1; The extraordinarily complex dynamics of global atmospheric circulation are primarily driven by the unequal distribution of concentrated solar radiation continuously striking the spherical surface of our rotating planet.; Küresel atmosferik sirkülasyonun olağanüstü karmaşıklıktaki dinamikleri, birincil olarak dönen gezegenimizin küresel yüzeyine sürekli çarpan yoğun güneş radyasyonunun eşitsiz dağılımı tarafından yönlendirilir.
Reading 048 - The Dynamics of Atmospheric Circulation and Weather Patterns;2; Intense thermal heating concentrated at the equator causes massive volumes of warm, moisture-laden air to rise rapidly, thereby creating a persistent geographical zone of significantly reduced atmospheric pressure.; Ekvatorda yoğunlaşan şiddetli termal ısıtma, devasa hacimlerdeki sıcak, nem yüklü havanın hızla yükselmesine neden olarak atmosferik basıncın önemli ölçüde azaldığı kalıcı bir coğrafi bölge yaratır.
Reading 048 - The Dynamics of Atmospheric Circulation and Weather Patterns;3; As this ascending tropical air mass subsequently cools at higher altitudes, it forcefully diverts toward the polar regions before eventually descending back to the Earth's surface as cooler, denser currents.; Yükselen bu tropik hava kütlesi daha sonra yüksek rakımlarda soğudukça, nihayetinde Dünya yüzeyine daha soğuk, daha yoğun akımlar olarak geri inmeden önce kutup bölgelerine doğru zorla sapar.
Reading 048 - The Dynamics of Atmospheric Circulation and Weather Patterns;4; Furthermore, the fundamental rotation of the Earth generates the powerful Coriolis effect, which systematically deflects these massive prevailing winds, creating deeply predictable macro-level climatic patterns across different latitudes.; Dahası, Dünya'nın temel dönüşü, bu devasa hakim rüzgarları sistematik olarak saptıran ve farklı enlemlerde son derece öngörülebilir makro düzeyde iklimsel modeller yaratan güçlü Coriolis etkisini üretir.
Reading 048 - The Dynamics of Atmospheric Circulation and Weather Patterns;5; The intricate interaction between these dominant atmospheric currents and the vast oceanic circulation systems is fundamentally responsible for determining the specific seasonal weather conditions experienced by diverse terrestrial biomes.; Bu baskın atmosferik akımlar ile devasa okyanus sirkülasyon sistemleri arasındaki karmaşık etkileşim, farklı karasal biyomların yaşadığı belirli mevsimsel hava koşullarını belirlemekten temelde sorumludur.
Reading 048 - The Dynamics of Atmospheric Circulation and Weather Patterns;6; Accurately modeling these chaotic thermodynamic variables requires the continuous deployment of sophisticated supercomputers capable of analyzing millions of simultaneous meteorological data points collected by advanced orbital satellites.; Bu kaotik termodinamik değişkenlerin doğru bir şekilde modellenmesi, gelişmiş yörünge uyduları tarafından toplanan milyonlarca eşzamanlı meteorolojik veri noktasını analiz edebilen sofistike süper bilgisayarların sürekli olarak kullanılmasını gerektirir.
Reading 049 - The Ethical Dilemmas of Autonomous Weapon Systems;1; The rapid integration of advanced artificial intelligence into modern military hardware has provoked intense international debates regarding the profound ethical implications of deploying fully autonomous lethal weapon systems.; Gelişmiş yapay zekanın modern askeri donanıma hızla entegre olması, tam otonom ölümcül silah sistemlerinin konuşlandırılmasının derin etik sonuçlarına ilişkin yoğun uluslararası tartışmaları kışkırtmıştır.
Reading 049 - The Ethical Dilemmas of Autonomous Weapon Systems;2; These sophisticated mechanical platforms possess the frightening computational capacity to independently identify, mercilessly track, and violently eliminate designated enemy targets without requiring any direct human authorization or oversight.; Bu sofistike mekanik platformlar, herhangi bir doğrudan insan yetkilendirmesi veya gözetimi gerektirmeden belirlenmiş düşman hedeflerini bağımsız olarak tanımlamak, acımasızca izlemek ve şiddetle ortadan kaldırmak için korkutucu bir hesaplama kapasitesine sahiptir.
Reading 049 - The Ethical Dilemmas of Autonomous Weapon Systems;3; Proponents of robotic warfare frequently argue that removing emotionally compromised human soldiers from the chaotic battlefield significantly reduces the statistical probability of tragic friendly fire incidents and civilian casualties.; Robotik savaş savunucuları sıklıkla, duygusal olarak tehlikeye girmiş insan askerlerin kaotik savaş alanından çıkarılmasının, trajik dost ateşi olaylarının ve sivil kayıpların istatistiksel olasılığını önemli ölçüde azalttığını savunurlar.
Reading 049 - The Ethical Dilemmas of Autonomous Weapon Systems;4; Conversely, prominent human rights organizations vehemently assert that delegating the ultimate decision of life and death to unfeeling algorithms constitutes a horrific violation of fundamental international humanitarian laws.; Buna karşılık önde gelen insan hakları örgütleri, nihai ölüm kalım kararını hissiz algoritmalara devretmenin temel uluslararası insancıl hukukun korkunç bir ihlalini oluşturduğunu şiddetle ileri sürmektedir.
Reading 049 - The Ethical Dilemmas of Autonomous Weapon Systems;5; The inherent inability of rigid software programming to genuinely comprehend nuanced contextual clues makes it fundamentally impossible for machines to reliably distinguish between hostile combatants and innocent non-combatants.; Katı yazılım programlamasının nüanslı bağlamsal ipuçlarını gerçekten anlama konusundaki doğal yetersizliği, makinelerin düşman savaşçılar ile masum savaşmayanlar arasında güvenilir bir şekilde ayrım yapmasını temelden imkansız hale getirir.
Reading 049 - The Ethical Dilemmas of Autonomous Weapon Systems;6; Consequently, achieving a comprehensive global treaty explicitly banning the unregulated development and aggressive deployment of these terrifying autonomous killing machines remains an absolute moral imperative for civilized nations.; Sonuç olarak, bu korkunç otonom ölüm makinelerinin düzenlenmemiş gelişimini ve agresif konuşlandırılmasını açıkça yasaklayan kapsamlı bir küresel anlaşmaya varmak, medeni uluslar için mutlak ahlaki bir zorunluluk olmaya devam etmektedir.
Reading 050 - The Biological Complexity of the Human Visual System;1; The biological complexity of the human visual system represents an astonishing evolutionary achievement, seamlessly transforming scattered electromagnetic radiation into deeply coherent and recognizable mental representations of reality.; İnsan görme sisteminin biyolojik karmaşıklığı
Reading 050 - The Biological Complexity of the Human Visual System;2; Light initially enters the eye through the transparent cornea before being precisely focused by the internal crystalline lens onto the incredibly sensitive, multi-layered neural tissue known as the retina.; Işık, inanılmaz derecede hassas, çok katmanlı sinir dokusu olarak bilinen retinaya iç kristal lens tarafından hassas bir şekilde odaklanmadan önce başlangıçta göze şeffaf korneadan girer.
Reading 050 - The Biological Complexity of the Human Visual System;3; Within this microscopic retinal structure, millions of specialized photoreceptor cells frantically convert incoming photonic energy into complex electrochemical signals that continuously travel through the optic nerve toward the brain.; Bu mikroskobik retina yapısı içinde milyonlarca özelleşmiş fotoreseptör hücresi, gelen fotonik enerjiyi beyne doğru optik sinir boyunca sürekli seyahat eden karmaşık elektrokimyasal sinyallere telaşla dönüştürür.
Reading 050 - The Biological Complexity of the Human Visual System;4; The highly sophisticated visual cortex, located at the posterior region of the cerebral hemispheres, systematically dissects these raw neurological impulses to instantaneously analyze movement, depth, and vibrant color spectrums.; Serebral yarımkürelerin arka bölgesinde yer alan son derece sofistike görsel korteks, hareketi, derinliği ve canlı renk spektrumlarını anında analiz etmek için bu ham nörolojik dürtüleri sistematik olarak parçalara ayırır.
Reading 050 - The Biological Complexity of the Human Visual System;5; Remarkably, the human brain constantly relies on previous optical experiences and learned contextual expectations to actively construct the cohesive three-dimensional environments that we effortlessly perceive during our waking hours.; Dikkat çekici bir şekilde insan beyni, uyanık olduğumuz saatlerde zahmetsizce algıladığımız uyumlu üç boyutlu ortamları aktif olarak inşa etmek için sürekli olarak önceki optik deneyimlere ve öğrenilmiş bağlamsal beklentilere dayanır.
Reading 050 - The Biological Complexity of the Human Visual System;6; Severe degenerative conditions affecting any fundamental component of this intricate sensory pathway can precipitate devastating irreversible blindness, highlighting the absolute fragility of our primary method of environmental navigation.; Bu karmaşık duyusal yolun herhangi bir temel bileşenini etkileyen şiddetli dejeneratif durumlar, birincil çevresel navigasyon yöntemimizin mutlak kırılganlığını vurgulayarak yıkıcı, geri döndürülemez körlüğe zemin hazırlayabilir.
Reading 051 - The Economic Consequences of Demographic Aging;1; The unprecedented acceleration of demographic aging across highly developed industrialized nations presents an extraordinarily complex macroeconomic challenge that threatens the long-term sustainability of traditional social welfare infrastructures.; Son derece gelişmiş sanayileşmiş ülkeler genelinde demografik yaşlanmanın benzeri görülmemiş bir şekilde hızlanması, geleneksel sosyal refah altyapılarının uzun vadeli sürdürülebilirliğini tehdit eden olağanüstü karmaşık bir makroekonomik zorluk sunmaktadır.
Reading 051 - The Economic Consequences of Demographic Aging;2; As astonishing advancements in modern medical science continuously extend average human life expectancies, birth rates have concurrently plummeted well below the critical replacement threshold necessary for stable population maintenance.; Modern tıp bilimindeki şaşırtıcı ilerlemeler ortalama insan yaşam beklentilerini sürekli olarak uzattıkça, doğum oranları eşzamanlı olarak istikrarlı nüfusun korunması için gerekli olan kritik yenilenme eşiğinin oldukça altına düşmüştür.
Reading 051 - The Economic Consequences of Demographic Aging;3; Consequently, the rapidly shrinking proportion of active labor force participants must bear a tremendously disproportionate financial burden to adequately support an exponentially expanding population of vulnerable elderly pensioners.; Sonuç olarak, aktif işgücü katılımcılarının hızla küçülen oranı, savunmasız yaşlı emeklilerin katlanarak artan nüfusunu yeterince desteklemek için muazzam derecede orantısız bir mali yükü üstlenmek zorundadır.
Reading 051 - The Economic Consequences of Demographic Aging;4; This severe demographic imbalance relentlessly strains government-funded healthcare systems, as aging populations inherently require significantly more frequent and exceptionally expensive specialized medical interventions for managing chronic degenerative diseases.; Yaşlanan popülasyonlar kronik dejeneratif hastalıkları yönetmek için doğası gereği önemli ölçüde daha sık ve son derece pahalı özel tıbbi müdahalelere ihtiyaç duyduğundan, bu şiddetli demografik dengesizlik devlet tarafından finanse edilen sağlık sistemlerini amansızca zorlamaktadır.
Reading 051 - The Economic Consequences of Demographic Aging;5; To prevent an impending fiscal catastrophe, visionary political leaders must courageously implement highly unpopular economic reforms, including substantially raising the mandatory retirement age and heavily incentivizing private pension investments.; Yaklaşan bir mali felaketi önlemek için, vizyoner siyasi liderler, zorunlu emeklilik yaşını önemli ölçüde yükseltmek ve özel emeklilik yatırımlarını yoğun bir şekilde teşvik etmek de dahil olmak üzere, hiç popüler olmayan ekonomik reformları cesurca uygulamalıdır.
Reading 051 - The Economic Consequences of Demographic Aging;6; Furthermore, heavily investing in sophisticated robotic automation and systematically encouraging targeted immigration policies are increasingly recognized as indispensable strategies for maintaining robust domestic economic productivity amidst a declining workforce.; Ayrıca, sofistike robotik otomasyona yoğun yatırım yapmak ve hedeflenen göç politikalarını sistematik olarak teşvik etmek, azalan bir işgücünün ortasında sağlam yerli ekonomik üretkenliği sürdürmek için giderek daha fazla vazgeçilmez stratejiler olarak kabul edilmektedir.
Reading 052 - The Cultural Significance of Ancient Silk Road Trade Routes;1; The ancient network of interconnected trade routes historically known as the Silk Road functioned as the primary commercial and cultural artery seamlessly linking the majestic empires of the East and West.; Tarihsel olarak İpek Yolu olarak bilinen birbirine bağlı antik ticaret yolları ağı, Doğu ve Batı'nın görkemli imparatorluklarını kusursuz bir şekilde birbirine bağlayan birincil ticari ve kültürel arter olarak işlev gördü.
Reading 052 - The Cultural Significance of Ancient Silk Road Trade Routes;2; For numerous centuries, immense caravans of heavily burdened camels relentlessly traversed treacherous mountainous terrains and unforgiving arid deserts to transport highly coveted luxury commodities such as porcelain, spices, and exquisite textiles.; Yüzyıllar boyunca, ağır yüklü develerden oluşan devasa kervanlar, porselen, baharat ve zarif tekstiller gibi gıpta ile bakılan lüks malları taşımak için tehlikeli dağlık arazileri ve acımasız kurak çölleri amansızca geçtiler.
Reading 052 - The Cultural Significance of Ancient Silk Road Trade Routes;3; Beyond the immensely profitable exchange of valuable physical merchandise, these sprawling transcontinental thoroughfares actively facilitated an unprecedented intellectual cross-pollination of revolutionary scientific ideas, complex philosophical ideologies, and profound religious doctrines.; Değerli fiziksel malların son derece karlı değişiminin ötesinde, bu geniş kıtalararası yollar, devrim niteliğindeki bilimsel fikirlerin, karmaşık felsefi ideolojilerin ve derin dini doktrinlerin benzeri görülmemiş bir entelektüel çapraz tozlaşmasını aktif olarak kolaylaştırdı.
Reading 052 - The Cultural Significance of Ancient Silk Road Trade Routes;4; The widespread diffusion of critical technological innovations, particularly the magnetic compass and the mechanical printing press, radically transformed the developmental trajectory of European civilization during the late medieval period.; Kritik teknolojik yeniliklerin, özellikle de manyetik pusula ve mekanik matbaanın yaygın olarak dağılması, geç ortaçağ döneminde Avrupa medeniyetinin gelişimsel yörüngesini kökten dönüştürdü.
Reading 052 - The Cultural Significance of Ancient Silk Road Trade Routes;5; Tragically, the devastating emergence of the bubonic plague violently exploited these extensively established commercial networks, rapidly transmitting catastrophic bacterial infections that systematically decimated densely populated urban centers across multiple continents.; Trajik bir şekilde hıyarcıklı vebanın yıkıcı ortaya çıkışı, yaygın olarak kurulmuş bu ticari ağları şiddetle sömürdü ve birden fazla kıtada yoğun nüfuslu şehir merkezlerini sistematik olarak yok eden feci bakteriyel enfeksiyonları hızla bulaştırdı.
Reading 052 - The Cultural Significance of Ancient Silk Road Trade Routes;6; Despite its eventual decline following the discovery of faster maritime navigation routes, the enduring legacy of the Silk Road powerfully illustrates the extraordinary transformative potential of peaceful international economic cooperation.; Daha hızlı deniz navigasyon yollarının keşfedilmesinin ardından nihai düşüşüne rağmen, İpek Yolu'nun kalıcı mirası, barışçıl uluslararası ekonomik işbirliğinin olağanüstü dönüştürücü potansiyelini güçlü bir şekilde göstermektedir.
Reading 053 - The Engineering Principles Behind Modern Suspension Bridges;1; The structural engineering principles governing the construction of modern suspension bridges represent a brilliant mathematical triumph over the relentless physical forces of gravity and unpredictable aerodynamic instability.; Modern asma köprülerin inşasını yöneten yapısal mühendislik ilkeleri
Reading 053 - The Engineering Principles Behind Modern Suspension Bridges;2; The entire monumental weight of the sprawling horizontal roadway deck is meticulously supported by a complex network of vertical suspender cables extending downward from massive, highly tensioned primary steel cables.; Genişleyen yatay karayolu tabliyesinin tüm anıtsal ağırlığı, devasa, yüksek oranda gerilmiş birincil çelik kablolardan aşağı doğru uzanan dikey askı kablolarından oluşan karmaşık bir ağ tarafından titizlikle desteklenmektedir.
Reading 053 - The Engineering Principles Behind Modern Suspension Bridges;3; These incredibly robust primary cables are securely anchored deep into the solid bedrock on both opposing shores, efficiently transferring the immense compressive loads directly onto the towering vertical support pylons.; Bu inanılmaz derecede sağlam birincil kablolar, her iki karşı kıyıdaki sert ana kayanın derinliklerine güvenli bir şekilde sabitlenir ve devasa basınç yüklerini doğrudan yükselen dikey destek pilonlarına verimli bir şekilde aktarır.
Reading 053 - The Engineering Principles Behind Modern Suspension Bridges;4; Furthermore, advanced civil engineers must meticulously calculate the terrifying potential of aerodynamic resonance, ensuring that the rigid deck structure incorporates specialized aerodynamic profiles to safely dissipate violently turbulent crosswinds.; Dahası, ileri düzey inşaat mühendisleri, rijit güverte yapısının şiddetli türbülanslı yan rüzgarları güvenli bir şekilde dağıtmak için özel aerodinamik profiller içerdiğinden emin olarak, aerodinamik rezonansın korkutucu potansiyelini titizlikle hesaplamalıdır.
Reading 053 - The Engineering Principles Behind Modern Suspension Bridges;5; The devastating historical collapse of the Tacoma Narrows Bridge serves as a terrifyingly dramatic reminder of the catastrophic structural consequences associated with inadequately anticipating extreme aerodynamic flutter during severe storms.; Tacoma Narrows Köprüsü'nün yıkıcı tarihi çöküşü, şiddetli fırtınalar sırasında aşırı aerodinamik dalgalanmayı (flutter) yetersiz tahmin etmekle ilişkili felaket niteliğindeki yapısal sonuçların korkunç derecede dramatik bir hatırlatıcısı olarak hizmet etmektedir.
Reading 053 - The Engineering Principles Behind Modern Suspension Bridges;6; Consequently, contemporary architectural blueprints undergo exhaustive computational simulations and rigorous physical testing within massive wind tunnels long before the initial physical construction phase of these spectacular engineering marvels can officially commence.; Sonuç olarak çağdaş mimari planlar, bu muhteşem mühendislik harikalarının ilk fiziksel inşaat aşaması resmi olarak başlamadan çok önce, devasa rüzgar tünellerinde kapsamlı hesaplamalı simülasyonlara ve sıkı fiziksel testlere tabi tutulur.
Reading 054 - The Impact of Deforestation on Indigenous Amazonian Communities;1; The relentless, industrially driven deforestation of the vast Amazon basin poses a severe existential threat not only to global climatic stability but also to the physical survival of isolated indigenous communities.; Geniş Amazon havzasının endüstriyel olarak yönlendirilen amansız ormansızlaşması, yalnızca küresel iklim istikrarı için değil, aynı zamanda izole edilmiş yerli toplulukların fiziksel olarak hayatta kalması için de ciddi bir varoluşsal tehdit oluşturmaktadır.
Reading 054 - The Impact of Deforestation on Indigenous Amazonian Communities;2; Aggressive multinational corporations consistently utilize highly destructive slash-and-burn agricultural techniques to aggressively clear immense tracts of irreplaceable primary rainforest for lucrative cattle ranching and expansive soybean cultivation operations.; Agresif çok uluslu şirketler, kazançlı sığır yetiştiriciliği ve genişleyen soya fasulyesi ekim operasyonları için yeri doldurulamaz birincil yağmur ormanlarının devasa alanlarını agresif bir şekilde temizlemek adına son derece yıkıcı kes-yak tarım tekniklerini sürekli olarak kullanırlar.
Reading 054 - The Impact of Deforestation on Indigenous Amazonian Communities;3; This catastrophic systematic destruction of their ancestral territories forcibly displaces vulnerable native populations, violently severing their profound spiritual connection to the natural environment and destroying their traditional sustainable livelihoods.; Ata topraklarının bu feci sistematik yıkımı, savunmasız yerli popülasyonları zorla yerinden ederek, onların doğal çevreyle olan derin ruhani bağlarını şiddetle koparır ve geleneksel sürdürülebilir geçim kaynaklarını yok eder.
Reading 054 - The Impact of Deforestation on Indigenous Amazonian Communities;4; Furthermore, the violent encroachment of illegal mining syndicates routinely contaminates pristine river systems with highly toxic heavy metals, precipitating devastating public health crises among local tribes dependent on these water sources.; Dahası, yasadışı madencilik sendikalarının şiddetli tecavüzü, bozulmamış nehir sistemlerini rutin olarak son derece zehirli ağır metallerle kirleterek, bu su kaynaklarına bağımlı yerel kabileler arasında yıkıcı halk sağlığı krizlerine zemin hazırlamaktadır.
Reading 054 - The Impact of Deforestation on Indigenous Amazonian Communities;5; International human rights organizations vehemently demand that regional governments immediately enforce strict environmental protection legislations and legally recognize the inviolable territorial sovereignty of all indigenous Amazonian inhabitants without further delay.; Uluslararası insan hakları örgütleri, bölgesel hükümetlerin derhal sıkı çevre koruma yasalarını uygulamasını ve daha fazla gecikmeksizin tüm yerli Amazon sakinlerinin dokunulmaz toprak egemenliğini yasal olarak tanımasını şiddetle talep etmektedir.
Reading 054 - The Impact of Deforestation on Indigenous Amazonian Communities;6; Ultimately, the successful preservation of the world's most biologically diverse ecosystem relies entirely on empowering these native communities to actively manage and fiercely protect their own highly precious natural resources.; Nihayetinde, dünyanın biyolojik olarak en çeşitli ekosisteminin başarılı bir şekilde korunması, tamamen bu yerli toplulukların kendi son derece değerli doğal kaynaklarını aktif olarak yönetmeleri ve şiddetle korumaları için güçlendirilmesine bağlıdır.
Reading 055 - The Astrobiological Search for Extraterrestrial Life;1; The fascinating interdisciplinary science of astrobiology is fundamentally dedicated to investigating the potential origins, evolutionary pathways, and possible widespread distribution of organic biological life throughout the incredibly vast, expanding universe.; Büyüleyici disiplinlerarası astrobiyoloji bilimi, temelde organik biyolojik yaşamın inanılmaz derecede genişleyen evrendeki potansiyel kökenlerini, evrimsel yollarını ve olası yaygın dağılımını araştırmaya adanmıştır.
Reading 055 - The Astrobiological Search for Extraterrestrial Life;2; Contemporary planetary scientists heavily focus their intense exploratory efforts on definitively identifying habitable orbital zones where the delicate thermodynamic conditions might permit the prolonged existence of stable liquid surface water.; Çağdaş gezegen bilimciler, yoğun keşif çabalarını ağırlıklı olarak, hassas termodinamik koşulların kararlı sıvı yüzey suyunun uzun süre var olmasına izin verebileceği yaşanabilir yörünge bölgelerini kesin olarak tanımlamaya odaklarlar.
Reading 055 - The Astrobiological Search for Extraterrestrial Life;3; Robotic rovers currently analyzing the desolate surface of Mars are meticulously searching for fossilized microscopic biosignatures that would conclusively prove the historical presence of ancient microbial ecosystems on the red planet.; Şu anda Mars'ın ıssız yüzeyini analiz eden robotik keşif araçları, kızıl gezegendeki eski mikrobiyal ekosistemlerin tarihsel varlığını kesin olarak kanıtlayacak fosilleşmiş mikroskobik biyo-imzaları titizlikle aramaktadır.
Reading 055 - The Astrobiological Search for Extraterrestrial Life;4; Furthermore, astronomers utilize incredibly powerful space-based telescopes to systematically analyze the atmospheric chemical compositions of distant exoplanets, desperately seeking compelling spectroscopic evidence of anomalous biological activity or artificial industrial pollution.; Ayrıca gökbilimciler, uzak ötegezegenlerin atmosferik kimyasal bileşimlerini sistematik olarak analiz etmek için inanılmaz derecede güçlü uzay tabanlı teleskoplar kullanmakta, anormal biyolojik aktiviteye veya yapay endüstriyel kirliliğe dair ikna edici spektroskopik kanıtları umutsuzca aramaktadır.
Reading 055 - The Astrobiological Search for Extraterrestrial Life;5; The deeply profound philosophical implications of discovering even the most rudimentary form of extraterrestrial organisms would completely shatter our traditional anthropocentric understanding of humanity's unique position within the broader cosmic hierarchy.; En ilkel dünya dışı organizma biçimini dahi keşfetmenin son derece derin felsefi sonuçları, insanlığın daha geniş kozmik hiyerarşi içindeki benzersiz konumuna dair geleneksel insan merkezci (antroposentrik) anlayışımızı tamamen paramparça edecektir.
Reading 055 - The Astrobiological Search for Extraterrestrial Life;6; While concrete empirical evidence currently remains frustratingly elusive, the statistical probability of intelligent civilizations existing among the billions of unexplored galaxies strongly justifies the continuous funding of these ambitious astronomical endeavors.; Somut ampirik kanıtlar şu an için sinir bozucu derecede bulunması zor olmaya devam etse de, milyarlarca keşfedilmemiş galaksi arasında zeki medeniyetlerin var olma istatistiksel olasılığı, bu iddialı astronomik çabaların sürekli finansmanını güçlü bir şekilde haklı çıkarmaktadır.
